# start	end	mode	name  (end = start+size-1; 0 = size unknown)
0x080000C0	0x00000000	arm	start_vector
0x080000FC	0x00000000	arm	intr_main
0x080001D8	0x0800034D	thumb	title_80001D8
0x08000350	0x080006FB	thumb	title_8000350
0x080006FC	0x080008A3	thumb	title_handleNightStars
0x080008A4	0x08000993	thumb	title_handleNightKoopaShip
0x08000994	0x08000A33	thumb	vblank
0x08000A34	0x08000E6B	thumb	title_loadGraphics
0x08000E6C	0x080018F7	thumb	title_main
0x080018F8	0x0800190B	thumb	vcount70
0x0800190C	0x08001A57	thumb	gbm_main
0x08001A58	0x08001A83	thumb	gbm_vblank
0x08001ADC	0x00000000	thumb	sub_8001ADC
0x08001B30	0x00000000	thumb	sub_8001B30
0x08001B4C	0x00000000	thumb	sub_8001B4C
0x08001B60	0x00000000	thumb	sub_8001B60
0x08001C0C	0x00000000	thumb	sub_8001C0C
0x08001CA8	0x00000000	thumb	sub_8001CA8
0x08001D74	0x00000000	thumb	sub_8001D74
0x08001DDC	0x00000000	thumb	sub_8001DDC
0x08001FC0	0x00000000	thumb	sub_8001FC0
0x080021CC	0x00000000	thumb	spm_main
0x08002B68	0x00000000	thumb	sub_8002B68
0x08002BD4	0x00000000	thumb	sub_8002BD4
0x08002BE8	0x00000000	thumb	sub_8002BE8
0x08002BFC	0x00000000	thumb	sub_8002BFC
0x08002C10	0x00000000	thumb	sub_8002C10
0x08002C24	0x00000000	thumb	sub_8002C24
0x08002C30	0x00000000	thumb	sub_8002C30
0x08002C3C	0x00000000	thumb	sub_8002C3C
0x08002C54	0x00000000	thumb	sub_8002C54
0x08002C74	0x00000000	thumb	sub_8002C74
0x08002C88	0x00000000	thumb	sub_8002C88
0x08002CE0	0x00000000	thumb	sub_8002CE0
0x08002CF0	0x00000000	thumb	sub_8002CF0
0x08002D48	0x00000000	thumb	sub_8002D48
0x08002DA0	0x00000000	thumb	sub_8002DA0
0x08002DB0	0x00000000	thumb	sub_8002DB0
0x08002DF8	0x00000000	thumb	sub_8002DF8
0x08002E08	0x00000000	thumb	sub_8002E08
0x08002E50	0x00000000	thumb	sub_8002E50
0x08002EA4	0x00000000	thumb	sub_8002EA4
0x0800317C	0x00000000	thumb	sub_800317C
0x080036E4	0x00000000	thumb	sub_80036E4
0x080038B8	0x00000000	thumb	sub_80038B8
0x08003930	0x00000000	thumb	sub_8003930
0x08003948	0x00000000	thumb	sub_8003948
0x08003BB8	0x00000000	thumb	sub_8003BB8
0x08003FD0	0x00000000	thumb	sub_8003FD0
0x080040A0	0x00000000	thumb	sub_80040A0
0x08004180	0x00000000	thumb	sub_8004180
0x080042C4	0x00000000	thumb	sub_80042C4
0x0800441C	0x00000000	thumb	sub_800441C
0x08004584	0x00000000	thumb	sub_8004584
0x08004860	0x00000000	thumb	sub_8004860
0x0800490E	0x00000000	thumb	sub_800490E
0x0800541E	0x00000000	thumb	sub_800541E
0x08005590	0x00000000	thumb	sub_8005590
0x080058B0	0x00000000	thumb	sub_80058B0
0x08005CB0	0x00000000	thumb	sub_8005CB0
0x08005DAC	0x00000000	thumb	sub_8005DAC
0x08005E04	0x00000000	thumb	sub_8005E04
0x08005EF8	0x00000000	thumb	sub_8005EF8
0x080060AC	0x00000000	thumb	sub_80060AC
0x08006518	0x00000000	thumb	sub_8006518
0x080065CC	0x00000000	thumb	sub_80065CC
0x08006784	0x00000000	thumb	sub_8006784
0x08006850	0x00000000	thumb	sub_8006850
0x08006A28	0x00000000	thumb	sub_8006A28
0x08006C5C	0x00000000	thumb	sub_8006C5C
0x08006D60	0x00000000	thumb	sub_8006D60
0x08006E08	0x00000000	thumb	sub_8006E08
0x08007138	0x00000000	thumb	sub_8007138
0x080072B8	0x00000000	thumb	sub_80072B8
0x0800818E	0x00000000	thumb	sub_800818E
0x0800833A	0x00000000	thumb	sub_800833A
0x0800847C	0x00000000	thumb	sub_800847C
0x08008600	0x00000000	thumb	sub_8008600
0x0800860C	0x00000000	thumb	sub_800860C
0x0800873C	0x00000000	thumb	sub_800873C
0x08008850	0x00000000	thumb	sub_8008850
0x08008938	0x00000000	thumb	sub_8008938
0x08008B58	0x00000000	thumb	sub_8008B58
0x08008D14	0x00000000	thumb	sub_8008D14
0x08008E0C	0x00000000	thumb	sub_8008E0C
0x08008FA4	0x00000000	thumb	sub_8008FA4
0x08009124	0x00000000	thumb	sub_8009124
0x08009590	0x00000000	thumb	sub_8009590
0x08009754	0x00000000	thumb	sub_8009754
0x08009998	0x00000000	thumb	sub_8009998
0x08009C84	0x00000000	thumb	sub_8009C84
0x08009FAC	0x00000000	thumb	sub_8009FAC
0x0800A1A4	0x00000000	thumb	sub_800A1A4
0x0800A75C	0x00000000	thumb	sub_800A75C
0x0800A84C	0x00000000	thumb	sub_800A84C
0x0800A8F0	0x00000000	thumb	sub_800A8F0
0x0800AF94	0x00000000	thumb	sub_800AF94
0x0800B294	0x00000000	thumb	sub_800B294
0x0800C680	0x00000000	thumb	sub_800C680
0x0800C6D4	0x00000000	thumb	sub_800C6D4
0x0800C78C	0x00000000	thumb	sub_800C78C
0x0800C9AC	0x00000000	thumb	sub_800C9AC
0x0800CA88	0x00000000	thumb	sub_800CA88
0x0800CB40	0x00000000	thumb	sub_800CB40
0x0800CD00	0x00000000	thumb	sub_800CD00
0x0800CF3C	0x00000000	thumb	sub_800CF3C
0x0800D3E8	0x00000000	thumb	sub_800D3E8
0x0800D4B8	0x00000000	thumb	sub_800D4B8
0x0800D5E0	0x00000000	thumb	sub_800D5E0
0x0800D750	0x00000000	thumb	sub_800D750
0x0800D7F4	0x00000000	thumb	sub_800D7F4
0x0800E4D0	0x00000000	thumb	sub_800E4D0
0x0800E548	0x00000000	thumb	sub_800E548
0x0800E5CC	0x00000000	thumb	sub_800E5CC
0x0800E658	0x00000000	thumb	sub_800E658
0x0800E728	0x00000000	thumb	sub_800E728
0x0800E788	0x00000000	thumb	sub_800E788
0x0800E930	0x00000000	thumb	sub_800E930
0x0800EB74	0x00000000	thumb	sub_800EB74
0x0800EDA0	0x00000000	thumb	spm_menuCharIdxToCharId
0x0800EDB0	0x00000000	thumb	sub_800EDB0
0x0800EDC4	0x00000000	thumb	sub_800EDC4
0x0800EDDC	0x00000000	thumb	sub_800EDDC
0x0800EDE4	0x00000000	thumb	sub_800EDE4
0x0800EDEC	0x00000000	thumb	sub_800EDEC
0x0800EDF4	0x00000000	thumb	sub_800EDF4
0x0800EDFC	0x00000000	thumb	sub_800EDFC
0x0800EE7C	0x00000000	thumb	sub_800EE7C
0x0800F140	0x00000000	thumb	sub_800F140
0x0800F2D8	0x00000000	thumb	sub_800F2D8
0x0800F3C8	0x00000000	thumb	sub_800F3C8
0x0800F4F8	0x00000000	thumb	sub_800F4F8
0x0800F618	0x00000000	thumb	sub_800F618
0x0800F77C	0x00000000	thumb	sub_800F77C
0x0800F828	0x00000000	thumb	sub_800F828
0x0800FAB0	0x00000000	thumb	sub_800FAB0
0x0800FD18	0x00000000	thumb	singlelink_main
0x0800FFEC	0x00000000	thumb	sub_800FFEC
0x08011042	0x00000000	thumb	sub_8011042
0x080110D6	0x00000000	thumb	sub_80110D6
0x08011170	0x00000000	thumb	def_80101AC
0x080111A8	0x00000000	thumb	sub_80111A8
0x08011384	0x00000000	thumb	sub_8011384
0x080113CC	0x00000000	thumb	sub_80113CC
0x080113F4	0x00000000	thumb	sub_80113F4
0x08011424	0x00000000	thumb	sub_8011424
0x08011430	0x00000000	thumb	sub_8011430
0x08011450	0x00000000	thumb	sub_8011450
0x08011474	0x00000000	thumb	main_dummyIrqHandler5
0x08011478	0x00000000	thumb	sub_8011478
0x08011524	0x00000000	thumb	sub_8011524
0x08011A40	0x00000000	thumb	sub_8011A40
0x08011AB8	0x00000000	thumb	sub_8011AB8
0x08011B0C	0x00000000	thumb	sub_8011B0C
0x08011C40	0x00000000	thumb	sub_8011C40
0x08011D5C	0x00000000	thumb	sub_8011D5C
0x08011D98	0x00000000	thumb	sub_8011D98
0x08011DA8	0x00000000	thumb	sub_8011DA8
0x08011DF0	0x00000000	thumb	sub_8011DF0
0x08011EE0	0x00000000	thumb	sub_8011EE0
0x08011FFC	0x00000000	thumb	sub_8011FFC
0x080120CC	0x00000000	thumb	sub_80120CC
0x08012254	0x00000000	thumb	sub_8012254
0x08012370	0x00000000	thumb	sub_8012370
0x08012388	0x00000000	thumb	sub_8012388
0x080123D8	0x00000000	thumb	sub_80123D8
0x08012578	0x00000000	thumb	sub_8012578
0x08012584	0x00000000	thumb	sub_8012584
0x080125CC	0x00000000	thumb	sub_80125CC
0x080127E4	0x00000000	thumb	sub_80127E4
0x080128D0	0x00000000	thumb	sub_80128D0
0x08012980	0x00000000	thumb	sub_8012980
0x08012C9C	0x00000000	thumb	sub_8012C9C
0x08012DC4	0x00000000	thumb	sub_8012DC4
0x08012ED0	0x00000000	thumb	sub_8012ED0
0x08012FC8	0x00000000	thumb	sub_8012FC8
0x08013134	0x00000000	thumb	sub_8013134
0x080131DC	0x00000000	thumb	sub_80131DC
0x08013598	0x00000000	thumb	multilink_main
0x08013B38	0x00000000	thumb	sub_8013B38
0x08013D40	0x00000000	thumb	sub_8013D40
0x08013E80	0x00000000	thumb	sub_8013E80
0x08013F04	0x00000000	thumb	sub_8013F04
0x08013F24	0x00000000	thumb	sub_8013F24
0x08013F60	0x00000000	thumb	sub_8013F60
0x08013FA0	0x00000000	thumb	sub_8013FA0
0x08013FF0	0x00000000	thumb	sub_8013FF0
0x08014044	0x00000000	thumb	sub_8014044
0x0801404C	0x00000000	thumb	sub_801404C
0x080140B8	0x00000000	thumb	sub_80140B8
0x08014128	0x00000000	thumb	sub_8014128
0x080142CC	0x00000000	thumb	sub_80142CC
0x080143D0	0x00000000	thumb	sub_80143D0
0x0801445C	0x00000000	thumb	sub_801445C
0x08014480	0x00000000	thumb	sub_8014480
0x08014624	0x00000000	thumb	sub_8014624
0x080146AC	0x00000000	thumb	sub_80146AC
0x08014850	0x00000000	thumb	sub_8014850
0x080149AC	0x00000000	thumb	sub_80149AC
0x08014C9C	0x00000000	thumb	sub_8014C9C
0x08014D34	0x00000000	thumb	sub_8014D34
0x08014E1C	0x00000000	thumb	sub_8014E1C
0x080150F0	0x00000000	thumb	sub_80150F0
0x08015190	0x00000000	thumb	sub_8015190
0x08015268	0x00000000	thumb	sub_8015268
0x0801528C	0x00000000	thumb	sub_801528C
0x080152B0	0x00000000	thumb	sub_80152B0
0x080152D4	0x00000000	thumb	sub_80152D4
0x080152F8	0x00000000	thumb	sub_80152F8
0x0801531C	0x00000000	thumb	sub_801531C
0x08015330	0x00000000	thumb	sub_8015330
0x0801534C	0x00000000	thumb	sub_801534C
0x08015578	0x00000000	thumb	sub_8015578
0x0801572C	0x00000000	thumb	sub_801572C
0x08015878	0x00000000	thumb	sub_8015878
0x08015944	0x00000000	thumb	sub_8015944
0x08015D58	0x00000000	thumb	sub_8015D58
0x08015E94	0x00000000	thumb	sub_8015E94
0x0801600C	0x00000000	thumb	sub_801600C
0x08016284	0x00000000	thumb	sub_8016284
0x08016320	0x00000000	thumb	sub_8016320
0x0801661C	0x00000000	thumb	sub_801661C
0x080166D8	0x00000000	thumb	sub_80166D8
0x0801670C	0x00000000	thumb	sub_801670C
0x08016740	0x00000000	thumb	sub_8016740
0x08016778	0x00000000	thumb	sub_8016778
0x0801681C	0x080168A3	thumb	error_vblank
0x080168A4	0x08016B97	thumb	error_loadGraphics
0x08016B98	0x08016D8F	thumb	error_main
0x08016D90	0x00000000	thumb	error_8016D90
0x08016F28	0x08016FDB	thumb	sub_8016F28
0x08016FDC	0x08017047	thumb	sub_8016FDC
0x08017048	0x0801708B	thumb	sub_8017048
0x0801708C	0x080170DB	thumb	sub_801708C
0x080170DC	0x08017127	thumb	sub_80170DC
0x08017128	0x08017133	thumb	sub_8017128
0x08017134	0x0801715B	thumb	sub_8017134
0x0801715C	0x0801716F	thumb	sub_801715C
0x08017170	0x00000000	thumb	sub_8017170
0x08017248	0x00000000	thumb	sub_8017248
0x0801740C	0x00000000	thumb	sub_801740C
0x080174A8	0x00000000	thumb	sub_80174A8
0x080174DC	0x00000000	thumb	sub_80174DC
0x080178BC	0x00000000	thumb	sub_80178BC
0x08017918	0x00000000	thumb	sub_8017918
0x08017C30	0x00000000	thumb	sub_8017C30
0x080180D8	0x00000000	thumb	sub_80180D8
0x080183B8	0x00000000	thumb	sub_80183B8
0x08018630	0x00000000	thumb	sub_8018630
0x08018790	0x00000000	thumb	sub_8018790
0x08018814	0x00000000	thumb	sub_8018814
0x08018A04	0x00000000	thumb	sub_8018A04
0x08018C00	0x00000000	thumb	sub_8018C00
0x08018D58	0x00000000	thumb	sub_8018D58
0x08018E18	0x00000000	thumb	sub_8018E18
0x08018ED8	0x00000000	thumb	sub_8018ED8
0x08018FBC	0x00000000	thumb	sub_8018FBC
0x08019098	0x00000000	thumb	sub_8019098
0x080192A8	0x00000000	thumb	sub_80192A8
0x080193DC	0x00000000	thumb	sub_80193DC
0x08019464	0x00000000	thumb	sub_8019464
0x0801951C	0x00000000	thumb	sub_801951C
0x08019680	0x00000000	thumb	sub_8019680
0x080197A4	0x00000000	thumb	sub_80197A4
0x08019874	0x00000000	thumb	sub_8019874
0x0801A2EA	0x00000000	thumb	def_8019976
0x0801A43A	0x00000000	thumb	sub_801A43A
0x0801A44C	0x00000000	thumb	sub_801A44C
0x0801A4D8	0x00000000	thumb	sub_801A4D8
0x0801A84C	0x00000000	thumb	sub_801A84C
0x0801AB24	0x00000000	thumb	sub_801AB24
0x0801AC18	0x00000000	thumb	sub_801AC18
0x0801AE68	0x00000000	thumb	sub_801AE68
0x0801AEDC	0x00000000	thumb	sub_801AEDC
0x0801AF80	0x00000000	thumb	sub_801AF80
0x0801B048	0x00000000	thumb	sub_801B048
0x0801B1C0	0x00000000	thumb	sub_801B1C0
0x0801B304	0x00000000	thumb	sub_801B304
0x0801B3B4	0x00000000	thumb	sub_801B3B4
0x0801B4BC	0x00000000	thumb	sub_801B4BC
0x0801B8D8	0x00000000	thumb	sub_801B8D8
0x0801BC5C	0x00000000	thumb	sub_801BC5C
0x0801BEF8	0x00000000	thumb	sub_801BEF8
0x0801C070	0x00000000	thumb	sub_801C070
0x0801C198	0x00000000	thumb	sub_801C198
0x0801C298	0x00000000	thumb	sub_801C298
0x0801C3B0	0x00000000	thumb	sub_801C3B0
0x0801C48C	0x00000000	thumb	sub_801C48C
0x0801C780	0x00000000	thumb	sub_801C780
0x0801C878	0x00000000	thumb	sub_801C878
0x0801C9B4	0x00000000	thumb	sub_801C9B4
0x0801CACC	0x00000000	thumb	sub_801CACC
0x0801CC10	0x00000000	thumb	sub_801CC10
0x0801CC74	0x00000000	thumb	sub_801CC74
0x0801CD5C	0x00000000	thumb	sub_801CD5C
0x0801CED0	0x00000000	thumb	ghost_main
0x0801CFD4	0x00000000	thumb	sub_801CFD4
0x0801D010	0x00000000	thumb	sub_801D010
0x0801D0AC	0x00000000	thumb	sub_801D0AC
0x0801D0E4	0x00000000	thumb	sub_801D0E4
0x0801D160	0x00000000	thumb	sub_801D160
0x0801D1C4	0x00000000	thumb	sub_801D1C4
0x0801D240	0x00000000	thumb	sub_801D240
0x0801D25C	0x00000000	thumb	sub_801D25C
0x0801D274	0x00000000	thumb	sub_801D274
0x0801D28C	0x00000000	thumb	sub_801D28C
0x0801D2A4	0x00000000	thumb	sub_801D2A4
0x0801D33C	0x00000000	thumb	sub_801D33C
0x0801D3D0	0x00000000	thumb	sub_801D3D0
0x0801D9D8	0x00000000	thumb	sub_801D9D8
0x0801DAA4	0x00000000	thumb	sub_801DAA4
0x0801DC7C	0x00000000	thumb	sub_801DC7C
0x0801DD58	0x00000000	thumb	sub_801DD58
0x0801E0B8	0x00000000	thumb	sub_801E0B8
0x0801E248	0x00000000	thumb	sub_801E248
0x0801E7C8	0x00000000	thumb	sub_801E7C8
0x0801FDEC	0x00000000	thumb	sub_801FDEC
0x0801FDEE	0x00000000	thumb	def_801E7F6
0x0801FF70	0x00000000	thumb	sub_801FF70
0x08020008	0x00000000	thumb	sub_8020008
0x0802009C	0x00000000	thumb	sub_802009C
0x080206A4	0x00000000	thumb	sub_80206A4
0x08020770	0x00000000	thumb	sub_8020770
0x0802095C	0x00000000	thumb	sub_802095C
0x08020CC0	0x00000000	thumb	sub_8020CC0
0x0802123C	0x00000000	thumb	sub_802123C
0x08021AFC	0x00000000	thumb	sub_8021AFC
0x08021BEC	0x00000000	thumb	sub_8021BEC
0x08022004	0x00000000	thumb	sub_8022004
0x08022264	0x00000000	thumb	sub_8022264
0x08022374	0x00000000	thumb	sub_8022374
0x08022564	0x00000000	thumb	sub_8022564
0x08022680	0x00000000	thumb	sub_8022680
0x08022704	0x00000000	thumb	sub_8022704
0x08023462	0x00000000	thumb	sub_8023462
0x08023478	0x00000000	thumb	def_8022734
0x080235AC	0x00000000	thumb	sub_80235AC
0x08023610	0x00000000	thumb	sub_8023610
0x080236F0	0x00000000	thumb	sub_80236F0
0x08023920	0x00000000	thumb	sub_8023920
0x08023AE8	0x00000000	thumb	sub_8023AE8
0x080247C8	0x00000000	thumb	sub_80247C8
0x080247CA	0x00000000	thumb	def_8023B20
0x080248F4	0x00000000	thumb	sub_80248F4
0x08024970	0x00000000	thumb	sub_8024970
0x08024A48	0x00000000	thumb	sub_8024A48
0x08024B1C	0x00000000	thumb	sub_8024B1C
0x08024D2C	0x00000000	thumb	sub_8024D2C
0x08024E88	0x00000000	thumb	sub_8024E88
0x08025980	0x00000000	thumb	sub_8025980
0x08025BBA	0x00000000	thumb	sub_8025BBA
0x08025BBC	0x00000000	thumb	def_8024EC0
0x08025CF0	0x00000000	thumb	sub_8025CF0
0x08025D70	0x00000000	thumb	sub_8025D70
0x0802650C	0x00000000	thumb	sub_802650C
0x080267C4	0x00000000	thumb	sub_80267C4
0x08026F50	0x00000000	thumb	sub_8026F50
0x080278E0	0x00000000	thumb	sub_80278E0
0x08027A6C	0x00000000	thumb	sub_8027A6C
0x08027F00	0x00000000	thumb	sub_8027F00
0x08028044	0x00000000	thumb	sub_8028044
0x080280FC	0x00000000	thumb	sub_80280FC
0x08028170	0x00000000	thumb	sub_8028170
0x080281D8	0x00000000	thumb	sub_80281D8
0x0802823C	0x00000000	thumb	sub_802823C
0x080282F4	0x00000000	thumb	sub_80282F4
0x080283F0	0x00000000	thumb	sub_80283F0
0x08028524	0x00000000	thumb	sub_8028524
0x080285F4	0x00000000	thumb	sub_80285F4
0x080287A8	0x00000000	thumb	sub_80287A8
0x08028B90	0x00000000	thumb	sub_8028B90
0x08029760	0x00000000	thumb	sub_8029760
0x080297A8	0x00000000	thumb	sub_80297A8
0x08029C38	0x00000000	thumb	sub_8029C38
0x08029CB8	0x00000000	thumb	sub_8029CB8
0x08029E38	0x00000000	thumb	sub_8029E38
0x0802A13C	0x00000000	thumb	sub_802A13C
0x0802A594	0x00000000	thumb	sub_802A594
0x0802AAE4	0x00000000	thumb	sub_802AAE4
0x0802AEEC	0x00000000	thumb	sub_802AEEC
0x0802B134	0x00000000	thumb	sub_802B134
0x0802B2BC	0x00000000	thumb	sub_802B2BC
0x0802B630	0x00000000	thumb	sub_802B630
0x0802BA24	0x00000000	thumb	sub_802BA24
0x0802BA90	0x00000000	thumb	sub_802BA90
0x0802BAB0	0x00000000	thumb	sub_802BAB0
0x0802BF78	0x00000000	thumb	sub_802BF78
0x0802BF94	0x00000000	thumb	sub_802BF94
0x0802C06C	0x00000000	thumb	sub_802C06C
0x0802C7F4	0x00000000	thumb	sub_802C7F4
0x0802CB7C	0x00000000	thumb	sub_802CB7C
0x0802CEA4	0x00000000	thumb	sub_802CEA4
0x0802CF78	0x00000000	thumb	sub_802CF78
0x0802D07C	0x00000000	thumb	sub_802D07C
0x0802D0A4	0x00000000	thumb	sub_802D0A4
0x0802D0DC	0x0802D2B9	thumb	AgbMain
0x0802D2BC	0x0802D323	thumb	vblankHandler
0x0802D324	0x0802D32D	thumb	vcountHandler
0x0802D330	0x0802D397	thumb	initKeys
0x0802D398	0x0802D435	thumb	updateKeys
0x0802D438	0x0802D457	thumb	main_setKeyRepeat
0x0802D458	0x0802D47B	thumb	main_getKeys
0x0802D47C	0x0802D49F	thumb	main_getTriggerKeys
0x0802D4A0	0x0802D4C3	thumb	main_getRepeatTriggerKeys
0x0802D4C4	0x0802D4EB	thumb	main_checkKeys
0x0802D4EC	0x0802D513	thumb	main_checkKeysTriggered
0x0802D514	0x0802D53B	thumb	main_checkKeysRepeatTriggered
0x0802D53C	0x0802D55F	thumb	main_configureIoRegs
0x0802D560	0x0802D579	thumb	main_waitVBlankFlag
0x0802D57C	0x0802D595	thumb	main_waitNotVBlankFlag
0x0802D598	0x0802D5BF	thumb	main_copyThumbFunc
0x0802D5C0	0x0802D5CF	thumb	main_seedRandom
0x0802D5D0	0x0802D5EF	thumb	main_getRandom
0x0802D5F0	0x0802D5F1	thumb	main_dummyIrqHandler
0x0802D5F4	0x0802D603	thumb	main_getVBlankCheckFlag
0x0802D604	0x0802D61B	thumb	main_restoreVBlankCheckFlag
0x0802D61C	0x0802D647	thumb	main_frameProc
0x0802D648	0x0802D657	thumb	main_increaseFrameCounter
0x0802D658	0x0802D66F	thumb	main_setVBlankCheckFlag
0x0802D670	0x0802D67B	thumb	main_getFrameCounter
0x0802D67C	0x0802D687	thumb	main_setFrameCounter
0x0802D688	0x0802D6AD	thumb	frmheap_init
0x0802D6B0	0x0802D6B5	thumb	frmheap_reset
0x0802D6B8	0x0802D707	thumb	frmheap_calloc
0x0802D708	0x00000000	thumb	sub_802D708
0x0802D764	0x00000000	thumb	sio2_vblank
0x0802D82C	0x00000000	thumb	sio2_update
0x0802DC30	0x00000000	thumb	sub_802DC30
0x0802DC44	0x00000000	thumb	sio2_stop
0x0802DC88	0x00000000	thumb	sub_802DC88
0x0802DCB4	0x00000000	thumb	sub_802DCB4
0x0802DCF0	0x00000000	thumb	sub_802DCF0
0x0802DF08	0x00000000	thumb	sub_802DF08
0x0802E010	0x00000000	thumb	sub_802E010
0x0802E0D4	0x00000000	thumb	sub_802E0D4
0x0802E1C4	0x00000000	thumb	sub_802E1C4
0x0802E2A8	0x00000000	thumb	sub_802E2A8
0x0802E4DC	0x00000000	thumb	sub_802E4DC
0x0802E548	0x00000000	thumb	sub_802E548
0x0802E5C4	0x00000000	thumb	sub_802E5C4
0x0802E5E8	0x00000000	thumb	sub_802E5E8
0x0802E60C	0x00000000	thumb	sub_802E60C
0x0802E628	0x00000000	thumb	sub_802E628
0x0802E630	0x0802E63B	thumb	pltt_getBuffer
0x0802E63C	0x0802E667	thumb	pltt_clearBuffer
0x0802E668	0x0802E673	thumb	pltt_setDirtyFlag
0x0802E674	0x0802E6A3	thumb	pltt_copyBufferToHw
0x0802E6A4	0x0802E6AF	thumb	map_getBufferPtr
0x0802E6B0	0x0802E6C3	thumb	map_getBufferPtr2d
0x0802E6C4	0x0802E6D3	thumb	map_setBufferDestination
0x0802E6D4	0x0802E6FB	thumb	map_clearBuffer
0x0802E6FC	0x0802E70F	thumb	map_setBufferDirty
0x0802E710	0x0802E777	thumb	map_copyBuffersToHw
0x0802E778	0x00000000	thumb	sub_802E778
0x0802E8B8	0x00000000	thumb	sub_802E8B8
0x0802EA9C	0x00000000	thumb	sub_802EA9C
0x0802EAEC	0x00000000	thumb	sub_802EAEC
0x0802EBC0	0x00000000	thumb	sub_802EBC0
0x0802EC38	0x00000000	thumb	sub_802EC38
0x0802EC54	0x0802EC63	thumb	list_insertHeadSingle
0x0802EC64	0x0802EC79	thumb	list_insertTailSingle
0x0802EC7C	0x0802EC8F	thumb	list_takeHeadSingle
0x0802EC90	0x0802EC9D	thumb	list_isEmpty
0x0802ECA0	0x0802ECA3	thumb	list_getHead
0x0802ECA4	0x0802ECA7	thumb	list_getTail
0x0802ECA8	0x0802ECAB	thumb	list_getNext
0x0802ECAC	0x0802ECAF	thumb	list_getPrevious
0x0802ECB0	0x0802ECC7	thumb	list_insertHead
0x0802ECC8	0x0802ECDF	thumb	list_insertTail
0x0802ECE0	0x0802ECF7	thumb	list_insertBefore
0x0802ECF8	0x0802ED0F	thumb	list_insertAfter
0x0802ED10	0x0802ED2B	thumb	list_takeHead
0x0802ED2C	0x0802ED47	thumb	list_takeTail
0x0802ED48	0x0802ED77	thumb	list_remove
0x0802ED78	0x0802ED7F	thumb	list_init
0x0802ED80	0x0802ED8D	thumb	actlist_isEmpty
0x0802ED90	0x0802ED97	thumb	actlist_init
0x0802ED98	0x0802EDAF	thumb	actlist_insertHead
0x0802EDB0	0x0802EDC7	thumb	actlist_insertTail
0x0802EDC8	0x0802EDDF	thumb	actlist_insertBefore
0x0802EDE0	0x0802EDF7	thumb	actlist_insertAfter
0x0802EDF8	0x0802EE13	thumb	actlist_takeHead
0x0802EE14	0x0802EE2F	thumb	actlist_takeTail
0x0802EE30	0x0802EE7D	thumb	actlist_remove
0x0802EE80	0x0802EE87	thumb	actlist_clear
0x0802EE88	0x0802EF39	thumb	sortByCheckpoint
0x0802EF3C	0x0802F163	thumb	collideActiveActiveFast
0x0802F164	0x0802F223	thumb	collideActiveActive
0x0802F224	0x0802F443	thumb	collideActivePassiveFast
0x0802F444	0x0802F4FD	thumb	collideActivePassive
0x0802F500	0x0802F523	thumb	col_addActive
0x0802F524	0x0802F547	thumb	col_addPassive
0x0802F548	0x0802F54F	thumb	col_clearLists
0x0802F550	0x0802F5BD	thumb	col_collide
0x0802F5C0	0x00000000	thumb	sub_802F5C0
0x0802F5F4	0x00000000	thumb	sub_802F5F4
0x0802F608	0x00000000	thumb	sub_802F608
0x0802F61C	0x00000000	thumb	sub_802F61C
0x0802F638	0x00000000	thumb	sub_802F638
0x0802F674	0x00000000	thumb	sub_802F674
0x0802F6BC	0x00000000	thumb	oam_renderCell
0x0802FA1C	0x0802FC47	thumb	oam_renderCellData
0x0802FC48	0x0802FCC5	thumb	oam_802FC48
0x0802FCC8	0x0802FD3B	thumb	oam_init
0x0802FD3C	0x0802FD93	thumb	oam_update
0x0802FD94	0x0802FDF7	thumb	oam_reset
0x0802FDF8	0x0802FE23	thumb	oam_dmaCopyToHw
0x0802FE24	0x0802FE4B	thumb	oam_cpuCopyToHw
0x0802FE4C	0x0802FE57	thumb	oam_802FE4C
0x0802FE58	0x0802FEBF	thumb	oam_renderMipmapCellDataUniform
0x0802FEC0	0x0802FF2D	thumb	oam_renderMipmapCellData
0x0802FF30	0x0802FF55	thumb	oam_renderCellDataSimple
0x0802FF58	0x0802FF8F	thumb	sub_802FF58
0x0802FF90	0x0802FFDD	thumb	oam_bufferCellAffineMtx
0x0802FFE0	0x08030003	thumb	oam_renderAllCells
0x08030004	0x00000000	thumb	sub_8030004
0x080301A8	0x00000000	thumb	sub_80301A8
0x08030224	0x00000000	thumb	sub_8030224
0x08030278	0x00000000	thumb	sub_8030278
0x08030280	0x00000000	thumb	sub_8030280
0x0803028C	0x00000000	thumb	nullsub_10
0x08030290	0x00000000	thumb	sub_8030290
0x080302A8	0x0803039B	thumb	dmaq_process
0x0803039C	0x080303BF	thumb	dmaq_init
0x080303C0	0x080303E1	thumb	dmaq_reset
0x080303E4	0x08030431	thumb	dmaq_enqueue
0x08030434	0x0803043B	thumb	dmaq_getVBlankDmaQueue
0x0803043C	0x0803044D	thumb	dmaq_beginUse
0x08030450	0x08030455	thumb	dmaq_endUse
0x08030458	0x08030497	thumb	vcount_init
0x08030498	0x080304CB	thumb	vcount_reset
0x080304CC	0x0803054B	thumb	vcount_register
0x0803054C	0x0803055F	thumb	vcount_unregister
0x08030560	0x080305A3	thumb	vcount_irqHandler
0x080305A4	0x08030617	thumb	trns_update
0x08030618	0x0803062F	thumb	trns_init
0x08030630	0x0803065F	thumb	trns_start
0x08030660	0x0803068B	thumb	trns_initDefaultInTransition
0x0803068C	0x080306D7	thumb	trns_applyDefaultInTransition
0x080306D8	0x080306FB	thumb	trns_finishDefaultInTransition
0x080306FC	0x08030737	thumb	trns_initDefaultOutTransition
0x08030738	0x08030773	thumb	trns_applyDefaultOutTransition
0x08030774	0x00000000	thumb	sub_8030774
0x080307E0	0x00000000	thumb	sub_80307E0
0x08030800	0x00000000	thumb	sub_8030800
0x0803080C	0x00000000	thumb	sub_803080C
0x0803083C	0x00000000	thumb	sub_803083C
0x08030918	0x00000000	thumb	sub_8030918
0x080309B0	0x00000000	thumb	sub_80309B0
0x08030AFC	0x00000000	thumb	sub_8030AFC
0x08030C3C	0x00000000	thumb	sub_8030C3C
0x08030E5C	0x00000000	thumb	sub_8030E5C
0x08030E60	0x00000000	thumb	sub_8030E60
0x08030E74	0x00000000	thumb	sub_8030E74
0x08030E80	0x00000000	thumb	sub_8030E80
0x08030E90	0x00000000	thumb	sub_8030E90
0x08030EA0	0x00000000	thumb	sub_8030EA0
0x08030EB0	0x00000000	thumb	sub_8030EB0
0x08030ECC	0x00000000	thumb	sub_8030ECC
0x08030ED8	0x00000000	thumb	sub_8030ED8
0x08030EE8	0x00000000	thumb	sub_8030EE8
0x08030F08	0x00000000	thumb	sub_8030F08
0x08030F20	0x00000000	thumb	sub_8030F20
0x08030F28	0x00000000	thumb	sub_8030F28
0x08030F34	0x00000000	thumb	sub_8030F34
0x08030F88	0x00000000	thumb	sub_8030F88
0x08030FEC	0x00000000	thumb	sub_8030FEC
0x08031000	0x00000000	thumb	sub_8031000
0x08031038	0x00000000	thumb	sub_8031038
0x0803104C	0x00000000	thumb	sub_803104C
0x08031054	0x00000000	thumb	sub_8031054
0x08031064	0x00000000	thumb	sub_8031064
0x080310E8	0x00000000	thumb	sub_80310E8
0x080310F4	0x00000000	thumb	sub_80310F4
0x08031100	0x00000000	thumb	sub_8031100
0x080311B4	0x00000000	thumb	sub_80311B4
0x080312DC	0x00000000	thumb	sub_80312DC
0x080312E8	0x00000000	thumb	sub_80312E8
0x0803134C	0x00000000	thumb	sub_803134C
0x08031358	0x00000000	thumb	sub_8031358
0x08031368	0x00000000	thumb	sub_8031368
0x08031374	0x00000000	thumb	sub_8031374
0x080313B4	0x00000000	thumb	sub_80313B4
0x08031400	0x00000000	thumb	sub_8031400
0x08031418	0x00000000	thumb	sub_8031418
0x08031468	0x00000000	thumb	loadtrack_loadTileset
0x0803159C	0x00000000	thumb	sub_803159C
0x080316C8	0x00000000	thumb	sub_80316C8
0x08031990	0x00000000	thumb	loadtrack_8031990
0x08031E14	0x00000000	thumb	sub_8031E14
0x08031ED8	0x00000000	thumb	sub_8031ED8
0x08031F9C	0x00000000	thumb	loadtrack_8031F9C
0x08032220	0x00000000	thumb	sub_8032220
0x08032428	0x00000000	thumb	sub_8032428
0x080324B4	0x00000000	thumb	sub_80324B4
0x08032798	0x00000000	thumb	sub_8032798
0x0803285C	0x00000000	thumb	sub_803285C
0x080328D4	0x00000000	thumb	sub_80328D4
0x08032904	0x00000000	thumb	sub_8032904
0x08032974	0x00000000	thumb	sub_8032974
0x08032990	0x00000000	thumb	sub_8032990
0x080329B8	0x00000000	thumb	sub_80329B8
0x080329BC	0x00000000	thumb	sub_80329BC
0x080329E0	0x00000000	thumb	sub_80329E0
0x08032A18	0x00000000	thumb	sub_8032A18
0x08032A54	0x00000000	thumb	loadtrack_loadCoinLocations
0x08032AA0	0x00000000	thumb	sub_8032AA0
0x08032AD0	0x00000000	thumb	sub_8032AD0
0x08032B10	0x00000000	thumb	sub_8032B10
0x08032B50	0x00000000	thumb	sub_8032B50
0x08032B94	0x00000000	thumb	sub_8032B94
0x08032BC8	0x00000000	thumb	sub_8032BC8
0x08032C2C	0x00000000	thumb	sub_8032C2C
0x08032C38	0x00000000	thumb	sub_8032C38
0x08032C44	0x00000000	thumb	sub_8032C44
0x08032C50	0x00000000	thumb	sub_8032C50
0x08032C74	0x00000000	thumb	sub_8032C74
0x08032C8C	0x00000000	thumb	sub_8032C8C
0x08032CA0	0x00000000	thumb	sub_8032CA0
0x08032CD0	0x00000000	thumb	sub_8032CD0
0x08032D0C	0x00000000	thumb	sub_8032D0C
0x08032D44	0x00000000	thumb	sub_8032D44
0x08032D80	0x00000000	thumb	sub_8032D80
0x08032D9C	0x00000000	thumb	sub_8032D9C
0x08032E8C	0x00000000	thumb	sub_8032E8C
0x08032ED8	0x00000000	thumb	sub_8032ED8
0x0803313C	0x00000000	thumb	sub_803313C
0x080334A0	0x00000000	thumb	sub_80334A0
0x08033794	0x00000000	thumb	sub_8033794
0x08033838	0x00000000	thumb	sub_8033838
0x08033998	0x00000000	thumb	sub_8033998
0x08033A08	0x00000000	thumb	sub_8033A08
0x08033A5C	0x00000000	thumb	sub_8033A5C
0x08033BAC	0x00000000	thumb	sub_8033BAC
0x08033BBC	0x00000000	thumb	sub_8033BBC
0x08033BDC	0x00000000	thumb	sub_8033BDC
0x08033BEC	0x00000000	thumb	sub_8033BEC
0x08033BFC	0x00000000	thumb	sub_8033BFC
0x08033C58	0x00000000	thumb	sub_8033C58
0x08033CB4	0x00000000	thumb	sub_8033CB4
0x08033D14	0x00000000	thumb	loadtrack_loadSky
0x08033F14	0x00000000	thumb	sub_8033F14
0x08034044	0x00000000	thumb	sub_8034044
0x08034148	0x00000000	thumb	nullsub_3
0x0803414C	0x00000000	thumb	sub_803414C
0x08034220	0x00000000	thumb	nullsub_4
0x08034224	0x00000000	thumb	sub_8034224
0x0803456C	0x00000000	thumb	sub_803456C
0x080345AC	0x00000000	thumb	sub_80345AC
0x080345E0	0x00000000	thumb	sub_80345E0
0x0803478C	0x00000000	thumb	sub_803478C
0x080347B8	0x00000000	thumb	sub_80347B8
0x08034984	0x00000000	thumb	sub_8034984
0x080349B0	0x00000000	thumb	sub_80349B0
0x08034AB0	0x00000000	thumb	sub_8034AB0
0x08034CDC	0x00000000	thumb	sub_8034CDC
0x08034D08	0x00000000	thumb	sub_8034D08
0x08034E0C	0x00000000	thumb	sub_8034E0C
0x08034E20	0x00000000	thumb	sub_8034E20
0x08034F5C	0x00000000	thumb	nullsub_5
0x08034F60	0x00000000	thumb	sub_8034F60
0x08034FA8	0x00000000	thumb	sub_8034FA8
0x080350AC	0x00000000	thumb	sub_80350AC
0x08035618	0x00000000	thumb	sub_8035618
0x08035658	0x00000000	thumb	sub_8035658
0x080356D0	0x00000000	thumb	sub_80356D0
0x080357E8	0x00000000	thumb	sub_80357E8
0x08035B48	0x00000000	thumb	sub_8035B48
0x08035CF4	0x00000000	thumb	sub_8035CF4
0x08035D40	0x00000000	thumb	sub_8035D40
0x0803603C	0x00000000	thumb	sub_803603C
0x0803608C	0x00000000	thumb	sub_803608C
0x0803615C	0x00000000	thumb	sub_803615C
0x0803616C	0x00000000	thumb	SunsetWilds_HandlePalettes_803616C
0x08036520	0x00000000	thumb	sub_8036520
0x08036570	0x00000000	thumb	sub_8036570
0x080365B0	0x00000000	thumb	sub_80365B0
0x08036608	0x00000000	thumb	sub_8036608
0x0803670C	0x00000000	thumb	sub_803670C
0x08036D1C	0x00000000	thumb	sub_8036D1C
0x08036D60	0x00000000	thumb	sub_8036D60
0x08036EA4	0x00000000	thumb	sub_8036EA4
0x08036EC4	0x00000000	thumb	sub_8036EC4
0x08036F98	0x00000000	thumb	nullsub_6
0x08036F9C	0x00000000	thumb	sub_8036F9C
0x08037064	0x00000000	thumb	nullsub_7
0x08037068	0x00000000	thumb	sub_8037068
0x08037168	0x00000000	thumb	sub_8037168
0x0803719C	0x00000000	thumb	sub_803719C
0x08037308	0x00000000	thumb	sub_8037308
0x08037350	0x00000000	thumb	sub_8037350
0x080376BC	0x00000000	thumb	sub_80376BC
0x0803770C	0x00000000	thumb	sub_803770C
0x080377E0	0x00000000	thumb	nullsub_8
0x080377E4	0x00000000	thumb	sub_80377E4
0x080378EC	0x00000000	thumb	sub_80378EC
0x080378FC	0x00000000	thumb	sub_80378FC
0x08037A2C	0x00000000	thumb	sub_8037A2C
0x08037AB0	0x00000000	thumb	sub_8037AB0
0x08037B30	0x00000000	thumb	sub_8037B30
0x08037CDC	0x00000000	thumb	sub_8037CDC
0x08037D6C	0x00000000	thumb	sub_8037D6C
0x08037FD8	0x00000000	thumb	sub_8037FD8
0x08038200	0x00000000	thumb	sub_8038200
0x08038298	0x00000000	thumb	sub_8038298
0x08038640	0x00000000	thumb	sub_8038640
0x08038710	0x00000000	thumb	sub_8038710
0x08038A08	0x00000000	thumb	sub_8038A08
0x08038AFC	0x00000000	thumb	sub_8038AFC
0x08038BF4	0x00000000	thumb	sub_8038BF4
0x08038E34	0x00000000	thumb	sub_8038E34
0x08039684	0x00000000	thumb	def_8038E6E
0x08039690	0x00000000	thumb	sub_8039690
0x08039828	0x00000000	thumb	sub_8039828
0x08039894	0x00000000	thumb	sub_8039894
0x08039904	0x00000000	thumb	sub_8039904
0x080399A4	0x00000000	thumb	sub_80399A4
0x08039AA4	0x00000000	thumb	sub_8039AA4
0x08039B38	0x00000000	thumb	sub_8039B38
0x0803A578	0x00000000	thumb	sub_803A578
0x0803A96C	0x00000000	thumb	def_8039B62
0x0803A9AC	0x00000000	thumb	sub_803A9AC
0x0803AD6C	0x00000000	thumb	sub_803AD6C
0x0803AE18	0x00000000	thumb	sub_803AE18
0x0803AE70	0x00000000	thumb	sub_803AE70
0x0803AF10	0x00000000	thumb	sub_803AF10
0x0803B018	0x00000000	thumb	sub_803B018
0x0803B110	0x00000000	thumb	sub_803B110
0x0803B2B4	0x00000000	thumb	sub_803B2B4
0x0803B550	0x00000000	thumb	sub_803B550
0x0803B7B8	0x00000000	thumb	sub_803B7B8
0x0803B98C	0x00000000	thumb	sub_803B98C
0x0803BA98	0x00000000	thumb	sub_803BA98
0x0803BB48	0x00000000	thumb	sub_803BB48
0x0803BC00	0x00000000	thumb	sub_803BC00
0x0803BC84	0x00000000	thumb	sub_803BC84
0x0803BD24	0x00000000	thumb	sub_803BD24
0x0803BF34	0x00000000	thumb	sub_803BF34
0x0803C1BC	0x00000000	thumb	sub_803C1BC
0x0803C344	0x00000000	thumb	sub_803C344
0x0803C444	0x00000000	thumb	sub_803C444
0x0803C4C0	0x00000000	thumb	sub_803C4C0
0x0803C84C	0x00000000	thumb	sub_803C84C
0x0803C928	0x00000000	thumb	sub_803C928
0x0803CA78	0x00000000	thumb	sub_803CA78
0x0803CBE4	0x00000000	thumb	sub_803CBE4
0x0803CC80	0x00000000	thumb	sub_803CC80
0x0803CD50	0x00000000	thumb	sub_803CD50
0x0803D00C	0x00000000	thumb	sub_803D00C
0x0803D214	0x00000000	thumb	sub_803D214
0x0803D328	0x00000000	thumb	sub_803D328
0x0803D480	0x00000000	thumb	sub_803D480
0x0803D4E4	0x00000000	thumb	sub_803D4E4
0x0803D6AC	0x00000000	thumb	sub_803D6AC
0x0803D718	0x00000000	thumb	sub_803D718
0x0803D7B8	0x00000000	thumb	sub_803D7B8
0x0803D818	0x00000000	thumb	sub_803D818
0x0803D854	0x00000000	thumb	sub_803D854
0x0803D908	0x00000000	thumb	sub_803D908
0x0803D938	0x00000000	thumb	sub_803D938
0x0803D950	0x00000000	thumb	sub_803D950
0x0803D978	0x00000000	thumb	sub_803D978
0x0803D9B4	0x00000000	thumb	sub_803D9B4
0x0803D9D4	0x00000000	thumb	sub_803D9D4
0x0803DA18	0x00000000	thumb	sub_803DA18
0x0803DA34	0x00000000	thumb	sub_803DA34
0x0803DA54	0x00000000	thumb	sub_803DA54
0x0803DAA8	0x00000000	thumb	sub_803DAA8
0x0803DAB8	0x00000000	thumb	sub_803DAB8
0x0803DAC4	0x00000000	thumb	sub_803DAC4
0x0803DAEC	0x00000000	thumb	sub_803DAEC
0x0803DB4C	0x00000000	thumb	sub_803DB4C
0x0803DB84	0x00000000	thumb	sub_803DB84
0x0803DBD0	0x00000000	thumb	sub_803DBD0
0x0803DC1C	0x00000000	thumb	sub_803DC1C
0x0803DC64	0x00000000	thumb	sub_803DC64
0x0803DCA4	0x00000000	thumb	sub_803DCA4
0x0803DCF0	0x00000000	thumb	sub_803DCF0
0x0803DD58	0x00000000	thumb	sub_803DD58
0x0803DE04	0x00000000	thumb	sub_803DE04
0x0803DF10	0x00000000	thumb	sub_803DF10
0x0803E050	0x00000000	thumb	sub_803E050
0x0803E1A0	0x00000000	thumb	sub_803E1A0
0x0803E1F4	0x00000000	thumb	sub_803E1F4
0x0803E25C	0x00000000	thumb	sub_803E25C
0x0803E424	0x00000000	thumb	sub_803E424
0x0803E490	0x00000000	thumb	sub_803E490
0x0803E5A4	0x00000000	thumb	sub_803E5A4
0x0803E68C	0x00000000	thumb	sub_803E68C
0x0803E760	0x00000000	thumb	sub_803E760
0x0803E7F0	0x00000000	thumb	sub_803E7F0
0x0803E92C	0x00000000	thumb	sub_803E92C
0x0803F42C	0x00000000	thumb	sub_803F42C
0x0803F450	0x00000000	thumb	sub_803F450
0x0803F654	0x00000000	thumb	sub_803F654
0x0803F7EC	0x00000000	thumb	sub_803F7EC
0x0803F8C8	0x00000000	thumb	sub_803F8C8
0x0803FA30	0x00000000	thumb	sub_803FA30
0x0803FBFC	0x00000000	thumb	sub_803FBFC
0x0803FCB4	0x00000000	thumb	sub_803FCB4
0x0803FD7C	0x00000000	thumb	sub_803FD7C
0x0803FEB8	0x00000000	thumb	sub_803FEB8
0x0803FF80	0x00000000	thumb	sub_803FF80
0x08040060	0x00000000	thumb	sub_8040060
0x08040128	0x00000000	thumb	sub_8040128
0x08040570	0x00000000	thumb	sub_8040570
0x0804073C	0x00000000	thumb	sub_804073C
0x08040810	0x00000000	thumb	sub_8040810
0x08040A44	0x00000000	thumb	sub_8040A44
0x08040C3C	0x00000000	thumb	sub_8040C3C
0x08040D68	0x00000000	thumb	sub_8040D68
0x08040DD8	0x00000000	thumb	sub_8040DD8
0x08040E8C	0x00000000	thumb	sub_8040E8C
0x08040F38	0x00000000	thumb	sub_8040F38
0x08040FEC	0x00000000	thumb	sub_8040FEC
0x08041144	0x00000000	thumb	sub_8041144
0x080411D0	0x00000000	thumb	sub_80411D0
0x08041244	0x00000000	thumb	sub_8041244
0x08041704	0x00000000	thumb	sub_8041704
0x080418BC	0x00000000	thumb	sub_80418BC
0x080419D0	0x00000000	thumb	sub_80419D0
0x08041A10	0x00000000	thumb	sub_8041A10
0x08041B78	0x00000000	thumb	sub_8041B78
0x08041CF4	0x00000000	thumb	sub_8041CF4
0x08041E20	0x00000000	thumb	sub_8041E20
0x08041F18	0x00000000	thumb	sub_8041F18
0x08042004	0x00000000	thumb	sub_8042004
0x08042104	0x00000000	thumb	sub_8042104
0x080421F4	0x00000000	thumb	sub_80421F4
0x08042454	0x00000000	thumb	sub_8042454
0x080426AC	0x00000000	thumb	sub_80426AC
0x0804279C	0x00000000	thumb	sub_804279C
0x08042A28	0x00000000	thumb	sub_8042A28
0x08042AE4	0x00000000	thumb	sub_8042AE4
0x08042DE0	0x00000000	thumb	sub_8042DE0
0x08042FC8	0x00000000	thumb	sub_8042FC8
0x08042FFC	0x00000000	thumb	sub_8042FFC
0x08043030	0x00000000	thumb	sub_8043030
0x08043064	0x00000000	thumb	sub_8043064
0x080430EC	0x00000000	thumb	sub_80430EC
0x080432D4	0x00000000	thumb	sub_80432D4
0x08043310	0x00000000	thumb	sub_8043310
0x08043344	0x00000000	thumb	sub_8043344
0x08043378	0x00000000	thumb	sub_8043378
0x080433AC	0x00000000	thumb	sub_80433AC
0x080433E8	0x00000000	thumb	sub_80433E8
0x08043424	0x00000000	thumb	sub_8043424
0x08043460	0x00000000	thumb	sub_8043460
0x0804349C	0x00000000	thumb	sub_804349C
0x080434D8	0x00000000	thumb	sub_80434D8
0x08043514	0x00000000	thumb	sub_8043514
0x08043550	0x00000000	thumb	sub_8043550
0x080435C8	0x00000000	thumb	sub_80435C8
0x080436F0	0x00000000	thumb	sub_80436F0
0x080436F8	0x00000000	thumb	sub_80436F8
0x08043708	0x00000000	thumb	sub_8043708
0x0804378C	0x00000000	thumb	sub_804378C
0x0804379C	0x00000000	thumb	sub_804379C
0x080437D4	0x00000000	thumb	sub_80437D4
0x08043830	0x00000000	thumb	sub_8043830
0x08043840	0x00000000	thumb	sub_8043840
0x08043860	0x00000000	thumb	sub_8043860
0x0804389C	0x00000000	thumb	sub_804389C
0x080439FC	0x00000000	thumb	sub_80439FC
0x08043AB4	0x00000000	thumb	sub_8043AB4
0x08043BB0	0x00000000	thumb	sub_8043BB0
0x08043DE8	0x00000000	thumb	sub_8043DE8
0x08044028	0x00000000	thumb	sub_8044028
0x080440C4	0x00000000	thumb	sub_80440C4
0x08044248	0x00000000	thumb	sub_8044248
0x08044360	0x00000000	thumb	sub_8044360
0x08044384	0x00000000	thumb	sub_8044384
0x08044400	0x00000000	thumb	sub_8044400
0x08044428	0x00000000	thumb	sub_8044428
0x0804445C	0x00000000	thumb	sub_804445C
0x080445CC	0x00000000	thumb	sub_80445CC
0x080446FC	0x00000000	thumb	sub_80446FC
0x08044814	0x00000000	thumb	sub_8044814
0x08044920	0x00000000	thumb	sub_8044920
0x080449EC	0x00000000	thumb	sub_80449EC
0x08044AAC	0x00000000	thumb	sub_8044AAC
0x08044BA0	0x00000000	thumb	sub_8044BA0
0x08044D00	0x00000000	thumb	sub_8044D00
0x08044D4C	0x00000000	thumb	sub_8044D4C
0x08045378	0x00000000	thumb	sub_8045378
0x08045644	0x00000000	thumb	sub_8045644
0x08045910	0x00000000	thumb	sub_8045910
0x08045A3C	0x00000000	thumb	sub_8045A3C
0x08045C18	0x00000000	thumb	sub_8045C18
0x08045DFC	0x00000000	thumb	sub_8045DFC
0x080462C0	0x00000000	thumb	sub_80462C0
0x08046588	0x00000000	thumb	sub_8046588
0x0804676C	0x00000000	thumb	sub_804676C
0x08046DE4	0x00000000	thumb	sub_8046DE4
0x08046F5C	0x00000000	thumb	sub_8046F5C
0x08046FF4	0x00000000	thumb	sub_8046FF4
0x080471D8	0x00000000	thumb	sub_80471D8
0x080472C4	0x00000000	thumb	sub_80472C4
0x08047368	0x00000000	thumb	sub_8047368
0x080473FC	0x00000000	thumb	sub_80473FC
0x080474CC	0x00000000	thumb	sub_80474CC
0x08047560	0x00000000	thumb	sub_8047560
0x08047630	0x00000000	thumb	sub_8047630
0x080476C4	0x00000000	thumb	sub_80476C4
0x0804770C	0x00000000	thumb	sub_804770C
0x08047760	0x00000000	thumb	sub_8047760
0x08047790	0x00000000	thumb	sub_8047790
0x08047808	0x00000000	thumb	sub_8047808
0x08047848	0x00000000	thumb	sub_8047848
0x08047884	0x00000000	thumb	sub_8047884
0x080478C8	0x00000000	thumb	sub_80478C8
0x080478E8	0x00000000	thumb	sub_80478E8
0x0804791C	0x00000000	thumb	sub_804791C
0x080479E0	0x00000000	thumb	sub_80479E0
0x08047AAC	0x00000000	thumb	sub_8047AAC
0x08047C2C	0x00000000	thumb	sub_8047C2C
0x08047DE8	0x00000000	thumb	sub_8047DE8
0x08047F1C	0x00000000	thumb	sub_8047F1C
0x08048054	0x00000000	thumb	sub_8048054
0x08048090	0x00000000	thumb	sub_8048090
0x08048134	0x00000000	thumb	nullsub_11
0x08048138	0x00000000	thumb	sub_8048138
0x080481CC	0x00000000	thumb	sub_80481CC
0x08048204	0x00000000	thumb	sub_8048204
0x08048294	0x00000000	thumb	sub_8048294
0x080482B8	0x00000000	thumb	sub_80482B8
0x080482E0	0x00000000	thumb	sub_80482E0
0x08048310	0x00000000	thumb	sub_8048310
0x08048340	0x00000000	thumb	sub_8048340
0x08048370	0x00000000	thumb	sub_8048370
0x080483A0	0x00000000	thumb	sub_80483A0
0x080484E0	0x00000000	thumb	sub_80484E0
0x08048520	0x00000000	thumb	sub_8048520
0x080485DC	0x00000000	thumb	sub_80485DC
0x08048694	0x00000000	thumb	sub_8048694
0x080487E4	0x00000000	thumb	sub_80487E4
0x0804886C	0x00000000	thumb	sub_804886C
0x08048C2C	0x00000000	thumb	sub_8048C2C
0x08048C74	0x00000000	thumb	sub_8048C74
0x08048D44	0x00000000	thumb	sub_8048D44
0x08049654	0x00000000	thumb	sub_8049654
0x0804978C	0x00000000	thumb	sub_804978C
0x08049850	0x00000000	thumb	sub_8049850
0x08049B0C	0x00000000	thumb	sub_8049B0C
0x08049D78	0x00000000	thumb	sub_8049D78
0x0804A4D8	0x00000000	thumb	sub_804A4D8
0x0804A774	0x00000000	thumb	sub_804A774
0x0804A808	0x00000000	thumb	sub_804A808
0x0804A878	0x00000000	thumb	sub_804A878
0x0804AD00	0x00000000	thumb	sub_804AD00
0x0804AE08	0x00000000	thumb	sub_804AE08
0x0804AE34	0x00000000	thumb	sub_804AE34
0x0804AE58	0x00000000	thumb	sub_804AE58
0x0804AED4	0x00000000	thumb	sub_804AED4
0x0804AEE8	0x00000000	thumb	sub_804AEE8
0x0804AEFC	0x00000000	thumb	sub_804AEFC
0x0804AF10	0x00000000	thumb	sub_804AF10
0x0804AF24	0x00000000	thumb	sub_804AF24
0x0804AF3C	0x00000000	thumb	sub_804AF3C
0x0804AF74	0x00000000	thumb	vcount_804AF74
0x0804AFE4	0x00000000	thumb	sub_804AFE4
0x0804B018	0x00000000	thumb	sub_804B018
0x0804B0A0	0x00000000	thumb	sub_804B0A0
0x0804B0E8	0x00000000	thumb	sub_804B0E8
0x0804B13C	0x00000000	thumb	sub_804B13C
0x0804B1A8	0x00000000	thumb	sub_804B1A8
0x0804B1CC	0x00000000	thumb	sub_804B1CC
0x0804B230	0x00000000	thumb	sub_804B230
0x0804B24C	0x00000000	thumb	sub_804B24C
0x0804B2B8	0x00000000	thumb	sub_804B2B8
0x0804B348	0x00000000	thumb	sub_804B348
0x0804B4BC	0x00000000	thumb	sub_804B4BC
0x0804C030	0x00000000	thumb	sub_804C030
0x0804C0A8	0x00000000	thumb	sub_804C0A8
0x0804C0DC	0x00000000	thumb	sub_804C0DC
0x0804C12C	0x00000000	thumb	sub_804C12C
0x0804C234	0x00000000	thumb	sub_804C234
0x0804C38C	0x00000000	thumb	sub_804C38C
0x0804CCCC	0x00000000	thumb	sub_804CCCC
0x0804CD28	0x00000000	thumb	sub_804CD28
0x0804CD98	0x00000000	thumb	sub_804CD98
0x0804D340	0x00000000	thumb	sub_804D340
0x0804D3E0	0x00000000	thumb	sub_804D3E0
0x0804D458	0x00000000	thumb	sub_804D458
0x0804D4B4	0x00000000	thumb	sub_804D4B4
0x0804D73C	0x00000000	thumb	sub_804D73C
0x0804D8F8	0x00000000	thumb	sub_804D8F8
0x0804D94C	0x00000000	thumb	sub_804D94C
0x0804DA80	0x00000000	thumb	sub_804DA80
0x0804DBF4	0x00000000	thumb	sub_804DBF4
0x0804DCB0	0x00000000	thumb	sub_804DCB0
0x0804DD9C	0x00000000	thumb	sub_804DD9C
0x0804DF08	0x00000000	thumb	sub_804DF08
0x0804E144	0x00000000	thumb	sub_804E144
0x0804E398	0x00000000	thumb	sub_804E398
0x0804E4CC	0x00000000	thumb	sub_804E4CC
0x0804E7EC	0x00000000	thumb	sub_804E7EC
0x0804E8C0	0x00000000	thumb	sub_804E8C0
0x0804E948	0x00000000	thumb	sub_804E948
0x0804EA0C	0x00000000	thumb	sub_804EA0C
0x0804EA94	0x00000000	thumb	sub_804EA94
0x0804EC30	0x00000000	thumb	sub_804EC30
0x0804EDAC	0x00000000	thumb	sub_804EDAC
0x0804EFBC	0x00000000	thumb	sub_804EFBC
0x0804F078	0x00000000	thumb	sub_804F078
0x0804F098	0x00000000	thumb	sub_804F098
0x0804F0AC	0x00000000	thumb	sub_804F0AC
0x0804F128	0x00000000	thumb	sub_804F128
0x0804F15C	0x00000000	thumb	sub_804F15C
0x0804F18C	0x00000000	thumb	sub_804F18C
0x0804F1A8	0x00000000	thumb	sub_804F1A8
0x0804F1F8	0x00000000	thumb	sub_804F1F8
0x0804F2C0	0x00000000	thumb	sub_804F2C0
0x0804F340	0x00000000	thumb	sub_804F340
0x0804F394	0x00000000	thumb	sub_804F394
0x0804F3D8	0x00000000	thumb	sub_804F3D8
0x0804F494	0x00000000	thumb	sub_804F494
0x0804F500	0x00000000	thumb	sub_804F500
0x0804F534	0x00000000	thumb	sub_804F534
0x0804F570	0x00000000	thumb	sub_804F570
0x0804F5CC	0x00000000	thumb	sub_804F5CC
0x0804F6F4	0x00000000	thumb	sub_804F6F4
0x0804F750	0x00000000	thumb	sub_804F750
0x0804F7AC	0x00000000	thumb	sub_804F7AC
0x0804F808	0x00000000	thumb	sub_804F808
0x0804F824	0x00000000	thumb	sub_804F824
0x0804F85C	0x00000000	thumb	sub_804F85C
0x0804F8BC	0x00000000	thumb	sub_804F8BC
0x0804F924	0x00000000	thumb	sub_804F924
0x0804F980	0x00000000	thumb	sub_804F980
0x0804FA5C	0x00000000	thumb	sub_804FA5C
0x0804FAE0	0x00000000	thumb	sub_804FAE0
0x0804FB74	0x00000000	thumb	sub_804FB74
0x0804FC00	0x00000000	thumb	sub_804FC00
0x0804FC60	0x00000000	thumb	sub_804FC60
0x0804FD6C	0x00000000	thumb	sub_804FD6C
0x0804FE0C	0x00000000	thumb	sub_804FE0C
0x0804FEA0	0x00000000	thumb	sub_804FEA0
0x08050848	0x00000000	thumb	sub_8050848
0x08050860	0x00000000	thumb	sub_8050860
0x0805089C	0x00000000	thumb	sub_805089C
0x080508D4	0x00000000	thumb	sub_80508D4
0x08050934	0x00000000	thumb	sub_8050934
0x08050994	0x00000000	thumb	sub_8050994
0x080509F4	0x00000000	thumb	sub_80509F4
0x08050A48	0x00000000	thumb	sub_8050A48
0x08050A94	0x00000000	thumb	sub_8050A94
0x08050AE4	0x00000000	thumb	sub_8050AE4
0x08050D4C	0x00000000	thumb	sub_8050D4C
0x08050F74	0x00000000	thumb	sub_8050F74
0x08051014	0x00000000	thumb	sub_8051014
0x080514B0	0x00000000	thumb	sub_80514B0
0x08051554	0x00000000	thumb	sub_8051554
0x080515BC	0x00000000	thumb	sub_80515BC
0x0805167C	0x00000000	thumb	race_main
0x08051F84	0x00000000	thumb	sub_8051F84
0x08051FBC	0x00000000	thumb	sub_8051FBC
0x08051FD0	0x00000000	thumb	sub_8051FD0
0x08052020	0x00000000	thumb	sub_8052020
0x0805207C	0x00000000	thumb	sub_805207C
0x080520B4	0x00000000	thumb	sub_80520B4
0x080520D4	0x00000000	thumb	sub_80520D4
0x08052168	0x00000000	thumb	sub_8052168
0x080521C4	0x00000000	thumb	sub_80521C4
0x080522A4	0x00000000	thumb	sub_80522A4
0x080523DC	0x00000000	thumb	sub_80523DC
0x080524CC	0x00000000	thumb	sub_80524CC
0x08052864	0x00000000	thumb	sub_8052864
0x08052A4C	0x00000000	thumb	sub_8052A4C
0x08052EB0	0x00000000	thumb	sub_8052EB0
0x08052EDC	0x00000000	thumb	sub_8052EDC
0x08053074	0x00000000	thumb	sub_8053074
0x080530C4	0x00000000	thumb	sub_80530C4
0x08053104	0x00000000	thumb	sub_8053104
0x08053148	0x00000000	thumb	sub_8053148
0x08053220	0x00000000	thumb	sub_8053220
0x080532DC	0x00000000	thumb	loadtrack_loadObjects
0x08053D64	0x00000000	thumb	sub_8053D64
0x08053D74	0x00000000	thumb	sub_8053D74
0x08053D86	0x00000000	thumb	sub_8053D86
0x08053D9C	0x00000000	thumb	sub_8053D9C
0x08053DC4	0x00000000	thumb	sub_8053DC4
0x08053EF4	0x00000000	thumb	sub_8053EF4
0x080540A0	0x00000000	thumb	sub_80540A0
0x0805442C	0x00000000	thumb	sub_805442C
0x08054888	0x00000000	thumb	sub_8054888
0x08054D50	0x00000000	thumb	sub_8054D50
0x080551D0	0x00000000	thumb	sub_80551D0
0x0805563C	0x00000000	thumb	sub_805563C
0x08055AE8	0x00000000	thumb	sub_8055AE8
0x08055B54	0x00000000	thumb	sub_8055B54
0x08055BC0	0x00000000	thumb	sub_8055BC0
0x08055C2C	0x00000000	thumb	sub_8055C2C
0x08055C98	0x00000000	thumb	sub_8055C98
0x08055D04	0x00000000	thumb	sub_8055D04
0x08055D70	0x00000000	thumb	sub_8055D70
0x08055E5C	0x00000000	thumb	sub_8055E5C
0x08055F74	0x00000000	thumb	sub_8055F74
0x08055FC0	0x00000000	thumb	sub_8055FC0
0x08056170	0x00000000	thumb	sub_8056170
0x0805619C	0x00000000	thumb	sub_805619C
0x0805631C	0x00000000	thumb	sub_805631C
0x08056388	0x00000000	thumb	sub_8056388
0x080563D4	0x00000000	thumb	sub_80563D4
0x08056440	0x00000000	thumb	sub_8056440
0x08056744	0x00000000	thumb	main_dummyIrqHandler6
0x08056748	0x00000000	thumb	main_dummyIrqHandler7
0x0805674C	0x00000000	thumb	sub_805674C
0x0805676C	0x00000000	thumb	sub_805676C
0x08056798	0x00000000	thumb	sub_8056798
0x08056848	0x00000000	thumb	sub_8056848
0x08056908	0x00000000	thumb	sub_8056908
0x08056928	0x00000000	thumb	sub_8056928
0x0805699C	0x00000000	thumb	sub_805699C
0x08056A10	0x00000000	thumb	sub_8056A10
0x08056BC8	0x00000000	thumb	sub_8056BC8
0x08056C00	0x00000000	thumb	sub_8056C00
0x08056C70	0x00000000	thumb	sub_8056C70
0x08056EB0	0x00000000	thumb	sub_8056EB0
0x08056EE8	0x00000000	thumb	sub_8056EE8
0x08056F60	0x00000000	thumb	sub_8056F60
0x0805704C	0x00000000	thumb	sub_805704C
0x08057074	0x00000000	thumb	sub_8057074
0x080570B8	0x00000000	thumb	sub_80570B8
0x08057228	0x00000000	thumb	sub_8057228
0x080572A4	0x00000000	thumb	sub_80572A4
0x080572E4	0x00000000	thumb	sub_80572E4
0x08057364	0x00000000	thumb	sub_8057364
0x080573B8	0x00000000	thumb	sub_80573B8
0x08057554	0x00000000	thumb	sub_8057554
0x08057594	0x00000000	thumb	sub_8057594
0x080575E8	0x00000000	thumb	sub_80575E8
0x080576B4	0x00000000	thumb	sub_80576B4
0x08057734	0x00000000	thumb	sub_8057734
0x080577C4	0x00000000	thumb	sub_80577C4
0x08057808	0x00000000	thumb	sub_8057808
0x0805787C	0x00000000	thumb	sub_805787C
0x08057B04	0x00000000	thumb	sub_8057B04
0x08057BE0	0x00000000	thumb	sub_8057BE0
0x08057E20	0x00000000	thumb	main_dummyIrqHandler8
0x08057E24	0x00000000	thumb	main_dummyIrqHandler9
0x08057E28	0x00000000	thumb	sub_8057E28
0x08057E78	0x00000000	thumb	sub_8057E78
0x08058098	0x00000000	thumb	sub_8058098
0x080580EC	0x00000000	thumb	sub_80580EC
0x08058168	0x00000000	thumb	sub_8058168
0x080583D4	0x00000000	thumb	sub_80583D4
0x08058408	0x00000000	thumb	sub_8058408
0x08058480	0x00000000	thumb	sub_8058480
0x080584F4	0x00000000	thumb	sub_80584F4
0x0805868C	0x00000000	thumb	sub_805868C
0x08058734	0x00000000	thumb	sub_8058734
0x08058788	0x00000000	thumb	sub_8058788
0x080588AC	0x00000000	thumb	sub_80588AC
0x080588E0	0x00000000	thumb	sub_80588E0
0x0805892C	0x00000000	thumb	sub_805892C
0x08058998	0x00000000	thumb	sub_8058998
0x08058A40	0x00000000	thumb	sub_8058A40
0x08058A74	0x00000000	thumb	sub_8058A74
0x08058AB0	0x00000000	thumb	sub_8058AB0
0x08058B4C	0x00000000	thumb	sub_8058B4C
0x08058BA8	0x00000000	thumb	sub_8058BA8
0x08058CA4	0x00000000	thumb	sub_8058CA4
0x08058D4C	0x00000000	thumb	sub_8058D4C
0x08058DE8	0x00000000	thumb	sub_8058DE8
0x08058E10	0x00000000	thumb	sub_8058E10
0x08058EB8	0x00000000	thumb	sub_8058EB8
0x08059004	0x00000000	thumb	sub_8059004
0x08059074	0x00000000	thumb	sub_8059074
0x080590E8	0x00000000	thumb	sub_80590E8
0x08059168	0x00000000	thumb	sub_8059168
0x0805919C	0x00000000	thumb	sub_805919C
0x08059208	0x00000000	thumb	sub_8059208
0x080592B0	0x00000000	thumb	sub_80592B0
0x080592E4	0x00000000	thumb	sub_80592E4
0x08059358	0x00000000	thumb	sub_8059358
0x080596D8	0x00000000	thumb	sub_80596D8
0x08059710	0x00000000	thumb	sub_8059710
0x08059778	0x00000000	thumb	sub_8059778
0x0805982C	0x00000000	thumb	sub_805982C
0x080598EC	0x00000000	thumb	sub_80598EC
0x08059938	0x00000000	thumb	sub_8059938
0x080599EC	0x00000000	thumb	sub_80599EC
0x08059DF8	0x00000000	thumb	nullsub_30
0x08059DFC	0x00000000	thumb	nullsub_31
0x08059E00	0x00000000	thumb	sub_8059E00
0x08059E44	0x00000000	thumb	sub_8059E44
0x08059E80	0x00000000	thumb	sub_8059E80
0x08059E98	0x00000000	thumb	sub_8059E98
0x08059F04	0x00000000	thumb	sub_8059F04
0x08059FAC	0x00000000	thumb	sub_8059FAC
0x0805A2D4	0x00000000	thumb	sub_805A2D4
0x0805A2F8	0x00000000	thumb	sub_805A2F8
0x0805A30C	0x00000000	thumb	sub_805A30C
0x0805A688	0x00000000	thumb	sub_805A688
0x0805A6AC	0x00000000	thumb	sub_805A6AC
0x0805A7C0	0x00000000	thumb	sub_805A7C0
0x0805A7EC	0x00000000	thumb	sub_805A7EC
0x0805A824	0x00000000	thumb	sub_805A824
0x0805A8BC	0x00000000	thumb	sub_805A8BC
0x0805A90C	0x00000000	thumb	sub_805A90C
0x0805AA10	0x00000000	thumb	sub_805AA10
0x0805AA6C	0x00000000	thumb	sub_805AA6C
0x0805AAF0	0x00000000	thumb	sub_805AAF0
0x0805ABB8	0x00000000	thumb	sub_805ABB8
0x0805AC24	0x00000000	thumb	sub_805AC24
0x0805AC58	0x00000000	thumb	sub_805AC58
0x0805ACFC	0x00000000	thumb	sub_805ACFC
0x0805AD68	0x00000000	thumb	sub_805AD68
0x0805AE20	0x00000000	thumb	sub_805AE20
0x0805AEF4	0x00000000	thumb	sub_805AEF4
0x0805AF08	0x00000000	thumb	sub_805AF08
0x0805AF28	0x00000000	thumb	sub_805AF28
0x0805AF3C	0x00000000	thumb	sub_805AF3C
0x0805AF80	0x00000000	thumb	sub_805AF80
0x0805AFA0	0x00000000	thumb	nullsub_12
0x0805AFA4	0x00000000	thumb	sub_805AFA4
0x0805B020	0x00000000	thumb	sub_805B020
0x0805B07C	0x00000000	thumb	sub_805B07C
0x0805B114	0x00000000	thumb	sub_805B114
0x0805B164	0x00000000	thumb	sub_805B164
0x0805B1FC	0x00000000	thumb	sub_805B1FC
0x0805B29C	0x00000000	thumb	sub_805B29C
0x0805B36C	0x00000000	thumb	sub_805B36C
0x0805B3A4	0x00000000	thumb	sub_805B3A4
0x0805B3DC	0x00000000	thumb	sub_805B3DC
0x0805B42C	0x00000000	thumb	sub_805B42C
0x0805B44C	0x00000000	thumb	sub_805B44C
0x0805B490	0x00000000	thumb	sub_805B490
0x0805B4A8	0x00000000	thumb	sub_805B4A8
0x0805B4D8	0x00000000	thumb	sub_805B4D8
0x0805B520	0x00000000	thumb	sub_805B520
0x0805B554	0x00000000	thumb	sub_805B554
0x0805B5B8	0x00000000	thumb	sub_805B5B8
0x0805B61C	0x00000000	thumb	sub_805B61C
0x0805B680	0x00000000	thumb	sub_805B680
0x0805B740	0x00000000	thumb	sub_805B740
0x0805B7D0	0x00000000	thumb	sub_805B7D0
0x0805B8D0	0x00000000	thumb	sub_805B8D0
0x0805B8F4	0x00000000	thumb	sub_805B8F4
0x0805B940	0x00000000	thumb	sub_805B940
0x0805B988	0x00000000	thumb	sub_805B988
0x0805B9C4	0x00000000	thumb	sub_805B9C4
0x0805BA04	0x00000000	thumb	sub_805BA04
0x0805BA58	0x00000000	thumb	sub_805BA58
0x0805BAD0	0x00000000	thumb	sub_805BAD0
0x0805BD34	0x00000000	thumb	sub_805BD34
0x0805BD7C	0x00000000	thumb	sub_805BD7C
0x0805BDC4	0x00000000	thumb	sub_805BDC4
0x0805BE78	0x00000000	thumb	sub_805BE78
0x0805BF78	0x00000000	thumb	sub_805BF78
0x0805BFE8	0x00000000	thumb	sub_805BFE8
0x0805C01C	0x00000000	thumb	sub_805C01C
0x0805C050	0x00000000	thumb	sub_805C050
0x0805C084	0x00000000	thumb	sub_805C084
0x0805C10C	0x00000000	thumb	sub_805C10C
0x0805C19C	0x00000000	thumb	sub_805C19C
0x0805C278	0x00000000	thumb	sub_805C278
0x0805C2E4	0x00000000	thumb	sub_805C2E4
0x0805C354	0x00000000	thumb	sub_805C354
0x0805C388	0x00000000	thumb	sub_805C388
0x0805C40C	0x00000000	thumb	sub_805C40C
0x0805C448	0x00000000	thumb	sub_805C448
0x0805C4D8	0x00000000	thumb	sub_805C4D8
0x0805C554	0x00000000	thumb	sub_805C554
0x0805C5C8	0x00000000	thumb	sub_805C5C8
0x0805C5FC	0x00000000	thumb	sub_805C5FC
0x0805C654	0x00000000	thumb	sub_805C654
0x0805C680	0x00000000	thumb	sub_805C680
0x0805C8A4	0x00000000	thumb	save_805C8A4
0x0805C9A4	0x00000000	thumb	sub_805C9A4
0x0805CAC0	0x00000000	thumb	sub_805CAC0
0x0805CD50	0x00000000	thumb	sub_805CD50
0x0805CE3C	0x00000000	thumb	sub_805CE3C
0x0805CFC4	0x00000000	thumb	sub_805CFC4
0x0805D12C	0x00000000	thumb	sub_805D12C
0x0805D30C	0x00000000	thumb	sub_805D30C
0x0805D740	0x00000000	thumb	sub_805D740
0x0805D864	0x00000000	thumb	sub_805D864
0x0805D8DC	0x00000000	thumb	sub_805D8DC
0x0805D9B0	0x00000000	thumb	save_getSavePointer_805D9B0
0x0805D9B8	0x00000000	thumb	sub_805D9B8
0x0805D9C8	0x00000000	thumb	sub_805D9C8
0x0805DA18	0x00000000	thumb	sub_805DA18
0x0805DA68	0x00000000	thumb	sub_805DA68
0x0805DABC	0x00000000	thumb	sub_805DABC
0x0805DB30	0x00000000	thumb	sub_805DB30
0x0805DB64	0x00000000	thumb	sub_805DB64
0x0805DC28	0x00000000	thumb	sub_805DC28
0x0805DC60	0x00000000	thumb	sub_805DC60
0x0805DC94	0x00000000	thumb	sub_805DC94
0x0805DCC8	0x00000000	thumb	sub_805DCC8
0x0805DCF4	0x00000000	thumb	sub_805DCF4
0x0805DD08	0x00000000	thumb	sub_805DD08
0x0805DD40	0x00000000	thumb	sub_805DD40
0x0805DD74	0x00000000	thumb	sub_805DD74
0x0805DD88	0x00000000	thumb	sub_805DD88
0x0805DDBC	0x00000000	thumb	sub_805DDBC
0x0805DDEC	0x00000000	thumb	sub_805DDEC
0x0805DE38	0x00000000	thumb	sub_805DE38
0x0805DE68	0x00000000	thumb	sub_805DE68
0x0805DE90	0x00000000	thumb	sub_805DE90
0x0805DEB8	0x00000000	thumb	sub_805DEB8
0x0805DEE0	0x00000000	thumb	sub_805DEE0
0x0805DF18	0x00000000	thumb	sub_805DF18
0x0805DF40	0x00000000	thumb	sub_805DF40
0x0805DF70	0x00000000	thumb	sub_805DF70
0x0805DF90	0x00000000	thumb	sub_805DF90
0x0805E364	0x00000000	thumb	sub_805E364
0x0805E38C	0x00000000	thumb	sub_805E38C
0x0805E42C	0x00000000	thumb	sub_805E42C
0x0805E474	0x00000000	thumb	sub_805E474
0x0805E58C	0x00000000	thumb	sub_805E58C
0x0805E5E8	0x00000000	thumb	sub_805E5E8
0x0805E6FC	0x00000000	thumb	sub_805E6FC
0x0805E8B4	0x00000000	thumb	sub_805E8B4
0x0805E980	0x00000000	thumb	sub_805E980
0x0805E9BC	0x00000000	thumb	sub_805E9BC
0x0805EA00	0x00000000	thumb	sub_805EA00
0x0805EA5C	0x00000000	thumb	sub_805EA5C
0x0805EB04	0x00000000	thumb	sub_805EB04
0x0805EC3C	0x00000000	thumb	sub_805EC3C
0x0805ECA8	0x00000000	thumb	sub_805ECA8
0x0805ED18	0x00000000	thumb	sub_805ED18
0x0805EE6C	0x00000000	thumb	sub_805EE6C
0x0805EEF4	0x00000000	thumb	save_805EEF4
0x0805EF10	0x00000000	thumb	sub_805EF10
0x0805EF88	0x00000000	thumb	sub_805EF88
0x0805EFD8	0x00000000	thumb	sub_805EFD8
0x0805F04C	0x00000000	thumb	sub_805F04C
0x0805F088	0x00000000	thumb	sub_805F088
0x0805F0F8	0x00000000	thumb	sub_805F0F8
0x0805F164	0x00000000	thumb	sub_805F164
0x0805F198	0x00000000	thumb	sub_805F198
0x0805F1CC	0x00000000	thumb	sub_805F1CC
0x0805F200	0x00000000	thumb	sub_805F200
0x0805F260	0x0805F26F	thumb	umul3232H32
0x0805F270	0x0805F2F3	thumb	SoundMain
0x0805F2F4	0x00000000	thumb	SoundMainRAM
0x0805F624	0x0805F639	thumb	SoundMainBTM
0x0805F63C	0x0805F65B	thumb	ClearChain
0x0805F65C	0x0805F689	thumb	ply_fine
0x0805F68C	0x0805F6A1	thumb	MPlayJumpTableCopy
0x0805F6A4	0x00000000	thumb	ldrb_r3_r2
0x0805F6A6	0x00000000	thumb	chk_adr_r2
0x0805F6C0	0x0805F6C9	thumb	ld_r3_tp_adr_i
0x0805F6C2	0x00000000	thumb	ld_r3_r2_i_sub
0x0805F6CC	0x0805F6EB	thumb	ply_goto
0x0805F6EC	0x0805F705	thumb	ply_patt
0x0805F708	0x0805F71B	thumb	ply_pend
0x0805F71C	0x0805F749	thumb	ply_rept
0x0805F74C	0x0805F755	thumb	ply_prio
0x0805F758	0x0805F76B	thumb	ply_tempo
0x0805F76C	0x0805F77D	thumb	ply_keysh
0x0805F780	0x0805F7AD	thumb	ply_voice
0x0805F7B0	0x0805F7C1	thumb	ply_vol
0x0805F7C4	0x0805F7D7	thumb	ply_pan
0x0805F7D8	0x0805F7EB	thumb	ply_bend
0x0805F7EC	0x0805F7FD	thumb	ply_bendr
0x0805F800	0x0805F809	thumb	ply_lfodl
0x0805F80C	0x0805F823	thumb	ply_modt
0x0805F824	0x0805F837	thumb	ply_tune
0x0805F838	0x0805F84F	thumb	ply_port
0x0805F850	0x0805F88B	thumb	SoundVSync_rev01
0x0805F88C	0x0805FAF3	thumb	MPlayMain
0x0805FAF4	0x0805FB37	thumb	TrackStop
0x0805FB38	0x0805FB67	thumb	ChnVolSetAsm
0x0805FB68	0x0805FD67	thumb	ply_note
0x0805FD68	0x0805FDA7	thumb	ply_endtie
0x0805FDA8	0x0805FDC1	thumb	clear_modM
0x0805FDC4	0x0805FDCD	thumb	ld_r3_tp_adr_i_unchecked
0x0805FDD0	0x0805FDE1	thumb	ply_lfos
0x0805FDE4	0x0805FDF5	thumb	ply_mod
0x0805FDF8	0x0805FE5B	thumb	MidiKey2fr
0x0805FE5C	0x0805FE5D	thumb	UnusedDummyFunc
0x0805FE60	0x0805FE7B	thumb	MPlayContinue
0x0805FE7C	0x0805FE9B	thumb	MPlayFadeOut
0x0805FE9C	0x0805FF13	thumb	m4aSoundInit
0x0805FF14	0x0805FF1D	thumb	m4aSoundMain
0x0805FF20	0x0805FF4B	thumb	m4aSongNumStart
0x0805FF4C	0x0805FF97	thumb	m4aSongNumStartOrChange
0x0805FF98	0x0805FFEB	thumb	m4aSongNumStartOrContinue
0x0805FFEC	0x0806001F	thumb	m4aSongNumStop
0x08060020	0x08060053	thumb	m4aSongNumContinue
0x08060054	0x0806007F	thumb	m4aMPlayAllStop
0x08060080	0x08060089	thumb	m4aMPlayContinue
0x0806008C	0x080600B7	thumb	m4aMPlayAllContinue
0x080600B8	0x080600C5	thumb	m4aMPlayFadeOut
0x080600C8	0x080600E7	thumb	m4aMPlayFadeOutTemporarily
0x080600E8	0x0806010F	thumb	m4aMPlayFadeIn
0x08060110	0x08060157	thumb	m4aMPlayImmInit
0x08060158	0x0806026F	thumb	MPlayExtender
0x08060270	0x08060273	thumb	MusicPlayerJumpTableCopy
0x08060274	0x08060287	thumb	ClearChain_rev
0x08060288	0x0806029B	thumb	Clear64byte_rev
0x0806029C	0x08060367	thumb	SoundInit
0x08060368	0x0806040B	thumb	SampleFreqSet
0x0806040C	0x080604A3	thumb	m4aSoundMode
0x080604A4	0x080604F7	thumb	SoundClear
0x080604F8	0x0806055B	thumb	m4aSoundVSyncOff
0x0806055C	0x08060593	thumb	m4aSoundVSyncOn
0x08060594	0x0806060B	thumb	MPlayOpen
0x0806060C	0x080606EF	thumb	MPlayStart
0x080606F0	0x0806072F	thumb	m4aMPlayStop
0x08060730	0x080607F7	thumb	FadeOutBody
0x080607F8	0x080608AB	thumb	TrkVolPitSet
0x080608AC	0x08060953	thumb	MidiKeyToCgbFreq
0x08060954	0x080609A3	thumb	CgbOscOff
0x080609A4	0x08060A0B	thumb	CgbModVol
0x08060A0C	0x08060E55	thumb	CgbSound
0x08060E58	0x08060E7F	thumb	m4aMPlayTempoControl
0x08060E80	0x08060EE7	thumb	m4aMPlayVolumeControl
0x08060EE8	0x08060F5B	thumb	m4aMPlayPitchControl
0x08060F5C	0x08060FC3	thumb	m4aMPlayPanpotControl
0x08060FC4	0x08060FE1	thumb	ClearModM
0x08060FE4	0x08061057	thumb	m4aMPlayModDepthSet
0x08061058	0x080610CB	thumb	m4aMPlayLFOSpeedSet
0x080610CC	0x08061223	thumb	ply_memacc
0x08061224	0x08061243	thumb	ply_xcmd
0x08061244	0x08061257	thumb	ply_xxx
0x08061258	0x0806129F	thumb	ply_xwave
0x080612A0	0x080612B1	thumb	ply_xtype
0x080612B4	0x080612C5	thumb	ply_xatta
0x080612C8	0x080612D9	thumb	ply_xdeca
0x080612DC	0x080612ED	thumb	ply_xsust
0x080612F0	0x08061301	thumb	ply_xrele
0x08061304	0x0806130F	thumb	ply_xiecv
0x08061310	0x0806131B	thumb	ply_xiecl
0x0806131C	0x0806132D	thumb	ply_xleng
0x08061330	0x08061341	thumb	ply_xswee
0x08061344	0x08061345	thumb	DummyFunc
0x08061348	0x00000000	thumb	ArcTan2
0x0806134C	0x00000000	thumb	CpuFastSet
0x08061350	0x00000000	thumb	CpuSet
0x08061354	0x00000000	thumb	Div
0x08061358	0x00000000	thumb	DivRem
0x08061360	0x00000000	thumb	LZ77UnCompVram
0x08061364	0x00000000	thumb	LZ77UnCompWram
0x08061368	0x00000000	thumb	MultiBoot
0x08061370	0x00000000	thumb	SoftReset
0x08061388	0x00000000	thumb	VBlankIntrWait
0x08061390	0x08061425	thumb	ReadFlashId
0x08061428	0x080614BB	thumb	IdentifyFlash
0x080614BC	0x080614DF	thumb	FlashTimerIntr
0x080614E0	0x08061517	thumb	SetFlashTimerIntr
0x08061518	0x0806158F	thumb	StartFlashTimer
0x08061590	0x080615D3	thumb	StopFlashTimer
0x080615D4	0x080615D7	thumb	ReadFlash1
0x080615D8	0x0806160F	thumb	SetReadFlash1
0x08061610	0x0806169B	thumb	PollingSR_COMMON
0x0806169C	0x080616BD	thumb	ReadFlash_Core
0x080616C0	0x0806173B	thumb	ReadFlash
0x0806173C	0x0806177D	thumb	VerifyFlashSector_Core
0x08061780	0x080617F3	thumb	VerifyFlashSector
0x080617F4	0x08061837	thumb	ProgramFlashSectorAndVerify
0x08061838	0x00000000	thumb	EraseFlashChip_LE
0x080618AC	0x00000000	thumb	EraseFlashSector_LE
0x08061948	0x00000000	thumb	ProgramFlashByte_LE
0x08061980	0x00000000	thumb	ProgramFlashSector_LE
0x08061AA4	0x00000000	thumb	VerifyFlashCoreFF
0x08061AC8	0x00000000	thumb	VerifyFlashErase
0x08061AE0	0x00000000	thumb	ProgramFlashSector_MX
0x08061B84	0x00000000	thumb	EraseFlashChip_AT
0x08061BF4	0x00000000	thumb	EraseFlashSector_AT
0x08061C78	0x00000000	thumb	EraseFlash4KB_AT
0x08061D04	0x00000000	thumb	ProgramFlashSector_AT
0x08061D7C	0x00000000	thumb	ProgramFlash4KB_AT
0x08061E40	0x08061E71	thumb	__ashldi3
0x08061E74	0x08061E77	thumb	_call_via_r0
0x08061E78	0x08061E7B	thumb	_call_via_r1
0x08061E7C	0x08061E7F	thumb	_call_via_r2
0x08061E80	0x08061E83	thumb	_call_via_r3
0x08061E84	0x08061E87	thumb	_call_via_r4
0x08061E88	0x08061E8B	thumb	_call_via_r5
0x08061E8C	0x08061E8F	thumb	_call_via_r6
0x08061E90	0x08061E93	thumb	_call_via_r7
0x08061E94	0x08061E97	thumb	_call_via_r8
0x08061E98	0x08061E9B	thumb	_call_via_r9
0x08061E9C	0x08061E9F	thumb	_call_via_sl
0x08061EA0	0x08061EA3	thumb	_call_via_fp
0x08061EA4	0x08061EA7	thumb	_call_via_ip
0x08061EA8	0x08061EAB	thumb	_call_via_sp
0x08061EAC	0x08061EAF	thumb	_call_via_lr
0x08061EB0	0x08061F41	thumb	__divsi3
0x08061F44	0x08061F45	thumb	__div0
0x08061F48	0x08061F79	thumb	__lshrdi3
0x08061F7C	0x08062049	thumb	__modsi3
0x0806204C	0x080620BB	thumb	__muldi3
0x080620BC	0x08062493	thumb	__udivdi3
0x08062494	0x0806250B	thumb	__udivsi3
0x0806250C	0x080625CB	thumb	__umodsi3
0x080625CC	0x080625CD	thumb	dummyHandler
0x080625D0	0x0806260B	thumb	irq_init
0x0806260C	0x0806261B	thumb	irq_setHandler
0x0806261C	0x0806268F	thumb	irq_updateMask
0x08062690	0x080626C3	thumb	dma_copy16
0x080626C4	0x080626F3	thumb	dma_setupChannel
0x080626F4	0x0806272F	thumb	dma_80626F4
0x08062730	0x0806273D	thumb	dma_8062730
0x08062740	0x08062771	thumb	dma_8062740
