# addr	region	size	name  (STT_OBJECT, plus absolute symbols landing in a GBA region)
0x02000000	ewram	0x0	EWRAM_START
0x02004400	ewram	0x0	title_sDriversBgMapBuf
0x02010400	ewram	0x0	byte_2010400
0x02025400	ewram	0x0	gTempBuffer
0x0203EBE0	ewram	0x0	unk_203EBE0
0x0203EC20	ewram	0x0	dword_203EC20
0x03000000	iwram	0x0	IWRAM_START
0x03000004	iwram	0x4	sState
0x03000188	iwram	0x4	sState
0x0300018C	iwram	0x4	word_300018C
0x030001B0	iwram	0x8	sKeyRepeatCounters
0x030001B8	iwram	0x4	sRandom
0x030001BC	iwram	0x4	sFrameCounter
0x030002D8	iwram	0x400	sBuffer
0x030006D8	iwram	0x4	sDirtyFlag
0x030006E0	iwram	0x1000	sBuffer
0x030016E0	iwram	0x2	sBufferDirtyMask
0x030016E8	iwram	0x8	sBufferDestinations
0x030016F0	iwram	0x4	sBufferOffset
0x030016F4	iwram	0x4	sNextAffineId
0x030016F8	iwram	0x400	sBuffer
0x03001AF8	iwram	0x680	sCellListEntries
0x03002178	iwram	0x4	sCellListHead
0x0300217C	iwram	0x4	sCellListTail
0x03002180	iwram	0x4	sCellListEntryCount
0x03002184	iwram	0x4	sCopyDisabled
0x03002188	iwram	0x4	oam_3002188
0x0300218C	iwram	0x4	oam_300218C
0x03002190	iwram	0x18	sVBlankDmaQueue
0x030023E0	iwram	0x0	gFlashMaxTime
0x030023E4	iwram	0x0	PollFlashStatus
0x030023E8	iwram	0x0	sTimerNum
0x030023EA	iwram	0x0	sTimerCount
0x030023EC	iwram	0x0	gFlashTimeoutFlag
0x030023F0	iwram	0x0	sTimerReg
0x030023F4	iwram	0x0	sSavedIme
0x030023F8	iwram	0x4	sMask
0x03002400	iwram	0x200	sIntrMain
0x03002600	iwram	0x380	SoundMainRAM_Buffer
0x03002C80	iwram	0x0	sio2_sMPlayerId
0x03002CA0	iwram	0x0	col_sCpoiStartIndicesPassive
0x03002D20	iwram	0x100	sHeapSpace
0x030048A0	iwram	0x0	dmaq_sHeap
0x03004EA0	iwram	0x0	gKeyTriggerBuf
0x03004EB0	iwram	0x0	col_sCpoiStartIndicesActive
0x03004F30	iwram	0x0	gKeyBuf
0x03004F48	iwram	0x0	gKeyRepeatTriggerBuf
0x03004F58	iwram	0x0	sio2_sKeyBuf
0x03004F70	iwram	0x10	gTransitionState
0x03004F80	iwram	0x0	gIrqTable
0x03004FC0	iwram	0x18	gVCountState
0x03005C50	iwram	0x0	dword_3005C50
0x03005CA0	iwram	0x0	gSoundInfo
0x03006720	iwram	0x0	gMPlayJumpTable
0x030067B0	iwram	0x0	gCgbChans
0x030069F0	iwram	0x0	gMPlayMemAccArea
0x03006A80	iwram	0x0	WaitForFlashWrite
0x03006A84	iwram	0x0	ProgramFlashSector
0x03006A88	iwram	0x0	gFlash
0x03006A90	iwram	0x0	EraseFlashChip
0x03006A94	iwram	0x0	EraseFlashSector
0x03007FF0	iwram	0x0	SOUND_INFO_PTR
0x03007FF8	iwram	0x0	INTR_CHECK
0x03007FFC	iwram	0x0	INTR_VECTOR
0x04000000	io	0x0	REG_BASE
0x04000004	io	0x0	REG_DISPSTAT
0x04000006	io	0x0	REG_VCOUNT
0x04000008	io	0x0	REG_BG0CNT
0x0400000A	io	0x0	REG_BG1CNT
0x0400000C	io	0x0	REG_BG2CNT
0x0400000E	io	0x0	REG_BG3CNT
0x04000010	io	0x0	REG_BG0HOFS
0x04000012	io	0x0	REG_BG0VOFS
0x04000014	io	0x0	REG_BG1HOFS
0x04000016	io	0x0	REG_BG1VOFS
0x04000018	io	0x0	REG_BG2HOFS
0x0400001A	io	0x0	REG_BG2VOFS
0x0400001C	io	0x0	REG_BG3HOFS
0x0400001E	io	0x0	REG_BG3VOFS
0x04000020	io	0x0	REG_BG2PA
0x04000022	io	0x0	REG_BG2PB
0x04000024	io	0x0	REG_BG2PC
0x04000026	io	0x0	REG_BG2PD
0x04000028	io	0x0	REG_BG2X_L
0x0400002A	io	0x0	REG_BG2X_H
0x0400002C	io	0x0	REG_BG2Y_L
0x0400002E	io	0x0	REG_BG2Y_H
0x04000030	io	0x0	REG_BG3PA
0x04000032	io	0x0	REG_BG3PB
0x04000034	io	0x0	REG_BG3PC
0x04000036	io	0x0	REG_BG3PD
0x04000038	io	0x0	REG_BG3X_L
0x0400003A	io	0x0	REG_BG3X_H
0x0400003C	io	0x0	REG_BG3Y_L
0x0400003E	io	0x0	REG_BG3Y_H
0x04000040	io	0x0	REG_WIN0H
0x04000042	io	0x0	REG_WIN1H
0x04000044	io	0x0	REG_WIN0V
0x04000046	io	0x0	REG_WIN1V
0x04000048	io	0x0	REG_WININ
0x0400004A	io	0x0	REG_WINOUT
0x0400004C	io	0x0	REG_MOSAIC
0x04000050	io	0x0	REG_BLDCNT
0x04000052	io	0x0	REG_BLDALPHA
0x04000054	io	0x0	REG_BLDY
0x04000060	io	0x0	REG_NR10
0x04000062	io	0x0	REG_NR11
0x04000063	io	0x0	REG_NR12
0x04000064	io	0x0	REG_NR13
0x04000065	io	0x0	REG_NR14
0x04000068	io	0x0	REG_NR21
0x04000069	io	0x0	REG_NR22
0x0400006C	io	0x0	REG_NR23
0x0400006D	io	0x0	REG_NR24
0x04000070	io	0x0	REG_NR30
0x04000072	io	0x0	REG_NR31
0x04000073	io	0x0	REG_NR32
0x04000074	io	0x0	REG_NR33
0x04000075	io	0x0	REG_NR34
0x04000078	io	0x0	REG_NR41
0x04000079	io	0x0	REG_NR42
0x0400007C	io	0x0	REG_NR43
0x0400007D	io	0x0	REG_NR44
0x04000080	io	0x0	REG_NR50
0x04000081	io	0x0	REG_NR51
0x04000082	io	0x0	REG_SOUNDCNT_H
0x04000084	io	0x0	REG_NR52
0x04000088	io	0x0	REG_SOUNDBIAS
0x04000090	io	0x0	REG_WAVE_RAM
0x04000092	io	0x0	REG_WAVE_RAM0_H
0x04000094	io	0x0	REG_WAVE_RAM1
0x04000096	io	0x0	REG_WAVE_RAM1_H
0x04000098	io	0x0	REG_WAVE_RAM2
0x0400009A	io	0x0	REG_WAVE_RAM2_H
0x0400009C	io	0x0	REG_WAVE_RAM3
0x0400009E	io	0x0	REG_WAVE_RAM3_H
0x040000A0	io	0x0	REG_FIFO
0x040000A2	io	0x0	REG_FIFO_A_H
0x040000A4	io	0x0	REG_FIFO_B
0x040000A6	io	0x0	REG_FIFO_B_H
0x040000B0	io	0x0	REG_DMA0
0x040000B2	io	0x0	REG_DMA0SAD_H
0x040000B4	io	0x0	REG_DMA0DAD
0x040000B6	io	0x0	REG_DMA0DAD_H
0x040000B8	io	0x0	REG_DMA0CNT
0x040000BA	io	0x0	REG_DMA0CNT_H
0x040000BC	io	0x0	REG_DMA1
0x040000BE	io	0x0	REG_DMA1SAD_H
0x040000C0	io	0x0	REG_DMA1DAD
0x040000C2	io	0x0	REG_DMA1DAD_H
0x040000C4	io	0x0	REG_DMA1CNT
0x040000C6	io	0x0	REG_DMA1CNT_H
0x040000C8	io	0x0	REG_DMA2
0x040000CA	io	0x0	REG_DMA2SAD_H
0x040000CC	io	0x0	REG_DMA2DAD
0x040000CE	io	0x0	REG_DMA2DAD_H
0x040000D0	io	0x0	REG_DMA2CNT
0x040000D2	io	0x0	REG_DMA2CNT_H
0x040000D4	io	0x0	REG_DMA3
0x040000D6	io	0x0	REG_DMA3SAD_H
0x040000D8	io	0x0	REG_DMA3DAD
0x040000DA	io	0x0	REG_DMA3DAD_H
0x040000DC	io	0x0	REG_DMA3CNT
0x040000DE	io	0x0	REG_DMA3CNT_H
0x04000100	io	0x0	REG_TM0CNT
0x04000102	io	0x0	REG_TM0CNT_H
0x04000104	io	0x0	REG_TM1CNT
0x04000106	io	0x0	REG_TM1CNT_H
0x04000108	io	0x0	REG_TM2CNT
0x0400010A	io	0x0	REG_TM2CNT_H
0x0400010C	io	0x0	REG_TM3CNT
0x0400010E	io	0x0	REG_TM3CNT_H
0x04000120	io	0x0	REG_SIODATA32
0x04000122	io	0x0	REG_SIOMULTI1
0x04000124	io	0x0	REG_SIOMULTI2
0x04000126	io	0x0	REG_SIOMULTI3
0x04000128	io	0x0	REG_SIOCNT
0x0400012A	io	0x0	REG_SIODATA8
0x04000130	io	0x0	REG_KEYINPUT
0x04000132	io	0x0	REG_KEYCNT
0x04000134	io	0x0	REG_RCNT
0x04000140	io	0x0	REG_JOYCNT
0x04000150	io	0x0	REG_JOY_RECV
0x04000152	io	0x0	REG_JOY_RECV_H
0x04000154	io	0x0	REG_JOY_TRANS
0x04000156	io	0x0	REG_JOY_TRANS_H
0x04000158	io	0x0	REG_JOYSTAT
0x04000200	io	0x0	REG_IE
0x04000202	io	0x0	REG_IF
0x04000204	io	0x0	REG_WAITCNT
0x04000208	io	0x0	REG_IME
0x05000000	palette	0x0	BG_PLTT
0x05000200	palette	0x0	OBJ_PLTT
0x06000000	vram	0x0	BG_VRAM
0x06010000	vram	0x0	OBJ_VRAM0
0x06014000	vram	0x0	OBJ_VRAM1
0x07000000	oam	0x0	OAM
0x0807D1E8	rom	0x0	dword_807D1E8
0x080A97F8	rom	0x0	dword_80A97F8
0x080A9E2C	rom	0x0	dword_80A9E2C
0x080AA56C	rom	0x0	dword_80AA56C
0x080B83A4	rom	0x0	dword_80B83A4
0x080BBBB0	rom	0x0	dword_80BBBB0
0x080BC960	rom	0x0	dword_80BC960
0x080C4784	rom	0x0	dword_80C4784
0x080C7F38	rom	0x0	dword_80C7F38
0x080C8060	rom	0x0	dword_80C8060
0x080C8080	rom	0x0	dword_80C8080
0x080C8284	rom	0x0	dword_80C8284
0x080C83FC	rom	0x0	dword_80C83FC
0x080C84B8	rom	0x0	dword_80C84B8
0x080CA7A0	rom	0x0	dword_80CA7A0
0x080CAC64	rom	0x0	title_sObjPltt
0x080CADC4	rom	0x0	byte_80CADC4
0x080CAE30	rom	0x0	dword_80CAE30
0x080CAE70	rom	0x0	dword_80CAE70
0x080CAE78	rom	0x0	title_sObjTiles0
0x080CB62C	rom	0x0	title_sObjTiles1
0x080CBA10	rom	0x0	title_sObjTiles2
0x080CC1F0	rom	0x0	title_sObjTiles3
0x080CC748	rom	0x0	title_sObjTiles4
0x080CC8F4	rom	0x0	title_sObjTiles6
0x080CCCEC	rom	0x0	title_sObjTiles5
0x080CD9A0	rom	0x0	title_sNormalPalette1
0x080CDA9C	rom	0x0	title_sSunsetPalette1
0x080CDAC4	rom	0x0	title_sSunsetPalette2
0x080CDAE4	rom	0x0	title_sNormalPalette0
0x080CDB78	rom	0x0	title_sSunsetPalette0
0x080CDC0C	rom	0x0	title_sNightPalette0
0x080CDCA0	rom	0x0	dword_80CDCA0
0x080CEBB4	rom	0x0	title_sSkyTiles0
0x080D0060	rom	0x0	title_sSkyTiles1
0x080D0DE0	rom	0x0	title_sDriversBgTiles0
0x080D1D20	rom	0x0	title_sDriversBgTiles1
0x080D2BA8	rom	0x0	title_sDriversBgTiles2
0x080D3A90	rom	0x0	title_sDriversBgTiles3
0x080D455C	rom	0x0	title_sFlagBgMap
0x080D4794	rom	0x0	title_sLogoBgMap
0x080D49FC	rom	0x0	title_sCloudsBgMap
0x080D4E10	rom	0x0	title_sSkyBgMap
0x080D53D8	rom	0x0	title_sNightSkyBgMap
0x080D58F8	rom	0x0	title_sDriversBgMap
0x080D5CA0	rom	0x0	title_sNightPalette1
0x080D5CC0	rom	0x0	title_sNightPalette2
0x080D82EC	rom	0x0	dword_80D82EC
0x080D830C	rom	0x0	dword_80D830C
0x080D89B4	rom	0x0	dword_80D89B4
0x080D8B14	rom	0x0	dword_80D8B14
0x080D8B9C	rom	0x0	title_sFallingStarCellData
0x080D8BA4	rom	0x0	dword_80D8BA4
0x080D8BAC	rom	0x0	dword_80D8BAC
0x080D8C44	rom	0x0	dword_80D8C44
0x080D8DDC	rom	0x0	title_sKoopaShipOamData
0x080D8DF8	rom	0x0	stru_80D8DF8
0x080D8E1C	rom	0x0	off_80D8E1C
0x080D8E34	rom	0x0	off_80D8E34
0x080D8E4C	rom	0x0	off_80D8E4C
0x080D8E64	rom	0x0	dword_80D8E64
0x080D8E67	rom	0x0	dword_80D8E67
0x080D8E6C	rom	0x0	off_80D8E6C
0x080DA2FC	rom	0x0	off_80DA2FC
0x080DA30C	rom	0x0	dword_80DA30C
0x080DA334	rom	0x0	dword_80DA334
0x080DE05C	rom	0xE8	sDefaultRegConfig
0x080E63FC	rom	0x30	sObjHalfWidth
0x080E642C	rom	0x30	sObjHalfHeight
0x080F31D0	rom	0x90	gMPlayJumpTableTemplate
0x080F3260	rom	0xB4	gScaleTable
0x080F3314	rom	0x30	gFreqTable
0x080F3344	rom	0x18	gPcmSamplesPerVBlankTable
0x080F335C	rom	0x84	gCgbScaleTable
0x080F33E0	rom	0x18	gCgbFreqTable
0x080F33F8	rom	0x3C	gNoiseTable
0x080F3434	rom	0x10	gCgb3Vol
0x080F3444	rom	0x31	gClockTable
0x080F3478	rom	0x30	gXcmdTable
0x08102414	rom	0x0	gMPlayTable
0x08102498	rom	0x0	gSongTable
0x081E9784	rom	0x0	sFlashList
0x081E9838	rom	0x0	DefaultFlash
0x081E99E0	rom	0x100	__clz_tab
0x081E9AE0	rom	0x3C	sIrqTableInitData
0x08344600	rom	0x0	gCharacterPalettes
0x08345800	rom	0x0	gCharacterTiles
